school_name,address,city,county,zip_code,school_nurse,school_type,enrolled,num_immune_mmr,num_exempt_mmr,num_compliance_mmr,num_pbe,num_medical_exempt,num_pbe_exempt_all
ABRAHAM LINCOLN TRADITIONAL SCHOOL,10444 N 39TH AVE,PHOENIX,MARICOPA,85051,NO,PUBLIC,59,58,1,59,5,2,5
ACACIA ELEMENTARY SCHOOL,3021 W EVANS DR,PHOENIX,MARICOPA,85053,YES,PUBLIC,134,134,0,134,2,0,0
ACADEMY DEL SOL - HOPE,7102 W VALLEY CREST PL,TUCSON,PIMA,85757,NO,CHARTER,53,52,1,53,1,0,1
ACADEMY OF MATH AND SCIENCE,1557 W PRINCE RD,TUCSON,PIMA,85705,NO,CHARTER,42,40,2,42,0,7,0
ACADEMY OF MATH AND SCIENCE CAMELBACK,6633 W CAMELBACK RD,PHOENIX,MARICOPA,85033,NO,CHARTER,113,113,0,113,3,0,0
ACADEMY OF MATHEMATICS AND SCIENCE SOUTH,3335 W FLOWER ST,PHOENIX,MARICOPA,85017,NO,CHARTER,56,55,1,56,6,6,0
ACADEMY OF TUCSON MIDDLE SCHOOL,2300 N TANQUE VERDE LOOP RD,TUCSON,PIMA,   NA,NO,CHARTER,75,73,2,75,4,0,1
ACCLAIM ACADEMY,7624 W INDIAN SCHOOL RD,PHOENIX,MARICOPA,85033,NO,CHARTER,44,39,0,44,0,0,0
ACORN MONTESSORI MIDDLE SCHOOL,8456 E LOOS DR,PRESCOTT VALLEY,YAVAPAI,   NA,NO,CHARTER,45,44,1,45,23,0,2
ADAMS ELEMENTARY SCHOOL,738 S LONGMORE,MESA,MARICOPA,85202,YES,PUBLIC,106,105,1,106,4,0,1
ADAMS TRADITIONAL ACADEMY,2323 W PARKSIDE LN,PHOENIX,MARICOPA,85027,NO,CHARTER,53,46,7,53,9,1,10
AGUA CALIENTE SCHOOL,11420 E LIMBERLOST RD,TUCSON,PIMA,85749,YES,PUBLIC,87,84,3,87,3,0,3
AIRE LIBRE ELEMENTARY SCHOOL,16428 N 21ST ST,PHOENIX,MARICOPA,85022,YES,PUBLIC,54,54,0,54,1,0,0
AJO ELEMENTARY SCHOOL,111 WELL RD,AJO,PIMA,85321,NO,PUBLIC,31,30,0,30,1,1,0
ALFRED F GARCIA SCHOOL,1441 S 27TH AVE,PHOENIX,MARICOPA,85009,YES,PUBLIC,39,39,0,39,0,0,0
ALHAMBRA TRADITIONAL SCHOOL,3736 W OSBORN RD,PHOENIX,MARICOPA,85019,NO,PUBLIC,77,75,2,77,4,0,2
ALL SAINTS EPISCOPAL DAY SCHOOL,6300 N CENTRAL AVE,PHOENIX,MARICOPA,85012,YES,PRIVATE,65,63,2,65,3,0,2
ALTA LOMA SCHOOL,9750 N 87TH AVE,PEORIA,MARICOPA,85345,YES,PUBLIC,94,92,2,94,0,0,2
ALTA VISTA ELEMENTARY SCHOOL,8710 N 31ST AVE,PHOENIX,MARICOPA,85051,YES,PUBLIC,128,127,1,128,1,0,1
ALTAR VALLEY MIDDLE SCHOOL,16350 W AJO RD,TUCSON,PIMA,85735,NO,PUBLIC,84,84,0,84,0,0,0
AMBERLEA ELEMENTARY SCHOOL,8455 W VIRGINIA AVE,PHOENIX,MARICOPA,85037,NO,PUBLIC,64,64,0,64,0,0,0
AMERICAN HERITAGE ACADEMY - COTTONWOOD,2030 E CHERRY ST,COTTONWOOD,YAVAPAI,86326,NO,CHARTER,23,22,1,23,1,0,1
AMERICAN LEADERSHIP ACADEMY - GILBERT,3155 S SAN TAN VILLAGE PKWY,GILBERT,MARICOPA,85295,NO,CHARTER,52,46,6,52,21,0,4
AMERICAN LEADERSHIP ACADEMY - IRONWOOD K-6,650 W COMBS RD,QUEEN CREEK,PINAL,85140,NO,CHARTER,140,124,16,140,27,0,6
AMERICAN LEADERSHIP ACADEMY - MESA,4507 S MOUNTAIN RD,MESA,MARICOPA,85212,NO,CHARTER,51,50,1,51,6,0,1
AMERICAN LEADERSHIP ACADEMY - SAN TAN,34969 N VILLAGE LN,QUEEN CREEK,MARICOPA,85142,NO,CHARTER,84,78,6,84,16,0,5
AMERICAN LEADERSHIP ACADEMY ANTHEM SOUTH CAMPUS,4380 N HUNT HWY,FLORENCE,PINAL,85132,NO,CHARTER,38,38,0,38,8,0,0
AMERICAN LEADERSHIP ACADEMY- GILBERT NORTH K-6 CAMPUS,1010 S HIGLEY ROAD,GILBERT,MARICOPA,85296,NO,CHARTER,130,113,17,130,31,1,12
AMERICAN LEADERSHIP ACADMEY - QUEEN CREEK ELEMENTARY,19843 E CHANDLER HEIGHTS RD,CHANDLER,MARICOPA,85142,NO,CHARTER,150,142,8,150,23,0,3
AMERISCHOOLS ACADEMY - CAMELBACK,1333 W CAMELBACK RD,PHOENIX,MARICOPA,85013,NO,CHARTER,30,27,3,30,7,3,1
AMERISCHOOLS ACADEMY - COUNTRY CLUB,1150 N COUNTRY CLUB RD,TUCSON,PIMA,85716,NO,CHARTER,24,23,0,23,0,0,0
AMERISCHOOLS ACADEMY - YUMA NORTH CAMPUS,1220 S 4TH AVE,YUMA,YUMA,85364,NO,CHARTER,37,37,0,37,0,0,0
AMPHITHEATER MIDDLE SCHOOL,315 E PRINCE RD,TUCSON,PIMA,85705,YES,PUBLIC,295,295,0,295,2,0,0
ANDALUCIA MIDDLE SCHOOL,4730 W CAMPBELL AVE,PHOENIX,MARICOPA,85031,NO,PUBLIC,213,210,3,213,3,0,3
ANNA LAWRENCE INTERMEDIATE SCHOOL,4850 W JEFFERY RD,TUCSON,PIMA,85757,YES,PUBLIC,60,60,0,60,0,0,0
ANNA MARIE JACOBSON  ELEMENTARY SCHOOL,1515 NW JACARANDA PKWY,CHANDLER,MARICOPA,85248,NO,PUBLIC,151,145,6,151,16,0,5
ANNUNCIATION CATHOLIC SCHOOL,32648 N CAVE CREEK RD,CAVE CREEK,MARICOPA,85331,YES,PRIVATE,27,26,0,27,0,0,0
ANTHEM K-8 SCHOOL,2700 N ANTHEM WAY,FLORENCE,PINAL,85232,NO,PUBLIC,100,98,2,100,4,2,3
ANTHEM PREPARATORY ACADEMY,39808 N GAVILAN PEAK PKWY,ANTHEM,MARICOPA,85086,NO,CHARTER,76,71,4,76,9,2,3
ANTHEM SCHOOL,41020 N FREEDOM WAY,ANTHEM,MARICOPA,85086,YES,PUBLIC,69,66,3,69,4,0,2
ANZA TRAIL ELEMENTARY,15490 S RANCHO SAHUARITA BLVD,SAHUARITA,PIMA,85629,NO,PUBLIC,199,195,4,199,4,0,4
APACHE ELEMENTARY SCHOOL,8633 W JOHN CABOT RD,PEORIA,MARICOPA,85382,YES,PUBLIC,80,75,5,80,7,0,4
ARCADIA NEIGHBORHOOD LEARNING CENTER,4330 NORTH 62ND STREET,SCOTTSDALE,MARICOPA,85251,YES,PUBLIC,52,49,3,52,8,0,2
ARCHWAY CLASSICAL ACADEMY - NORTH PHOENIX,"13613 N CAVE CREEK RD, BUILDING C",PHOENIX,MARICOPA,85018,NO,CHARTER,117,109,8,117,16,1,4
ARIZONA CHARTER ACADEMY,16011 N DYSART RD,SURPRISE,MARICOPA,85374,NO,CHARTER,95,93,2,95,3,0,1
ARIZONA CONNECTIONS ACADEMY,335 E GERMANN RD,GILBERT,MARICOPA,85297,NO,CHARTER,201,172,28,200,36,2,28
ARIZONA CULTURAL ACADEMY,7810 S 42ND PL,PHOENIX,MARICOPA,85042,YES,PRIVATE,22,21,1,22,1,1,1
ARIZONA DESERT ELEMENTARY SCHOOL,1245 N MAIN ST,SAN LUIS,YUMA,85349,NO,PUBLIC,129,129,0,129,0,0,0
ARIZONA DESERT ELEMENTARY SCHOOL,8803 W VAN BUREN ST,TOLLESON,MARICOPA,85353,NO,PUBLIC,68,67,1,68,1,0,1
ARIZONA SCHOOL FOR THE ARTS,1410 N 3RD ST,PHOENIX,MARICOPA,85004,NO,CHARTER,112,112,0,112,0,0,0
ARLINGTON ELEMENTARY SCHOOL,9410 S 355TH AVE,ARLINGTON,MARICOPA,85322,NO,PUBLIC,29,29,0,29,0,0,0
ARROWHEAD ELEMENTARY SCHOOL,7490 W UNION HILLS DR,GLENDALE,MARICOPA,85308,YES,PUBLIC,84,80,4,84,6,0,3
ARROYO SCHOOL,4535 W CHOLLA ST,GLENDALE,MARICOPA,85304,NO,PUBLIC,89,88,1,89,2,1,0
ARTS ACADEMY AT ESTRELLA MOUNTAIN,2504 S 91ST AVE,PHOENIX,MARICOPA,85353,NO,CHARTER,117,117,0,117,9,0,0
ASU PREPARATORY ACADEMY - PHOENIX ELEMENTARY,735 E FILLMORE ST,PHOENIX,MARICOPA,85006,YES,PUBLIC,91,89,2,91,4,0,2
ATHOS TRADITIONAL ACADEMY,3201 S GILBERT RD,CHANDLER,MARICOPA,85286,YES,CHARTER,111,99,12,111,13,1,10
AUDREY & ROBERT RYAN ELEMENTARY,4600 S BRIGHT ANGEL WAY,CHANDLER,MARICOPA,85249,NO,PUBLIC,130,127,3,130,3,0,0
AUGUSTA RANCH ELEMENTARY,9430 E NEVILLE AVE,MESA,MARICOPA,85209,YES,PUBLIC,172,166,6,172,13,1,2
AVALON ELEMENTARY,1045 S SAN MARCOS DR,APACHE JUNCTION,PINAL,85220,NO,CHARTER,36,36,0,36,2,0,0
AVONDALE MIDDLE SCHOOL,1406 N CENTRAL AVE,AVONDALE,MARICOPA,85323,YES,PUBLIC,131,131,0,131,0,0,0
B.U.S.D. #20 - BAGDAD SPECIAL NEEDS PRESCHOOL,6 SOUTH LINDAHL,BAGDAD,YAVAPAI,86321,NO,PUBLIC,31,30,1,31,1,0,0
BALES ELEMENTARY SCHOOL,25400 W MARICOPA RD,BUCKEYE,MARICOPA,85326,NO,PUBLIC,97,93,3,97,7,0,0
BALSZ SCHOOL,4309 E BELLEVIEW ST,PHOENIX,MARICOPA,85008,YES,PUBLIC,76,75,1,76,0,0,1
BARBARA BUSH ELEMENTARY SCHOOL,4925 E INGRAM ST,MESA,MARICOPA,85205,YES,PUBLIC,81,80,1,81,4,0,1
BARCELONA MIDDLE SCHOOL,6530 N 44TH AVE,GLENDALE,MARICOPA,85301,YES,PUBLIC,135,135,0,135,2,2,0
BASHA ELEMENTARY,3535 S BASHA RD,CHANDLER,MARICOPA,85248,NO,PUBLIC,121,114,7,121,11,0,4
BASHA HIGH SCHOOL,5990 S VAL VISTA,CHANDLER,MARICOPA,85249,YES,PUBLIC,72,71,1,72,1,0,1
BASIS - AHWATUKEE,10210 S 50TH PL,PHOENIX,MARICOPA,85044,NO,CHARTER,133,122,11,133,11,0,11
BASIS - CHANDLER,4825 S. ARIZONA AVE,CHANDLER,MARICOPA,85248,NO,CHARTER,175,171,4,175,12,0,2
BASIS - FLAGSTAFF,1700 N GEMINI DR,FLAGSTAFF,COCONINO,86001,NO,CHARTER,95,88,7,95,15,0,6
BASIS - MESA,5010 S EASTMARK PKWY,MESA,MARICOPA,85212,NO,CHARTER,104,104,0,104,15,0,0
BASIS - ORO VALLEY,11155 N ORACLE RD,ORO VALLEY,PIMA,   NA,NO,CHARTER,124,121,3,124,7,4,3
BASIS - PEORIA,9902 W YEARLING ROAD,PEORIA,MARICOPA,   NA,NO,CHARTER,162,153,9,162,36,1,5
BASIS - PHOENIX,11850 N 32ND ST,PHOENIX,MARICOPA,85028,NO,CHARTER,122,117,5,122,16,0,3
BASIS - SCOTTSDALE,10400 N. 128TH ST,SCOTTSDALE,MARICOPA,85259,NO,CHARTER,186,185,1,186,9,1,1
BASIS - TUCSON NORTH,5740 E RIVER RD,TUCSON,PIMA,85750,NO,CHARTER,154,154,0,154,1,1,0
BASIS GOODYEAR,15800 W SHERMAN ST,GOODYEAR,MARICOPA,85338,NO,CHARTER,90,86,4,90,7,0,4
BASIS PHOENIX CENTRAL PRIMARY,201 E INDIANOLA AVE,PHOENIX,MARICOPA,85012,NO,CHARTER,58,57,1,58,3,0,1
BASIS PRESCOTT,1901 PRESCOTT LAKES PKWY,PRESCOTT,YAVAPAI,86301,YES,PUBLIC,91,78,13,91,33,33,7
BEAVER CREEK SCHOOL,4810 E BEAVER CREEK RD,RIMROCK,YAVAPAI,86335,NO,PUBLIC,34,33,1,34,2,0,0
BELLA VISTA ELEMENTARY SCHOOL,801 N LENZNER AVE,SIERRA VISTA,COCHISE,85635,YES,PUBLIC,59,59,0,59,0,1,0
BELLAIR ELEMENTARY SCHOOL,4701 W GROVERS AVE,GLENDALE,MARICOPA,85308,YES,PUBLIC,70,67,3,70,7,0,4
BENCHMARK SCHOOL,4120 E ACOMA DR,PHOENIX,MARICOPA,85032,NO,CHARTER,55,47,0,47,0,0,0
BENJAMIN FRANKLIN CHARTER SCHOOL - CRIMSON,22120 E. QUEEN CREEK RD,QUEEN CREEK,MARICOPA,85142,YES,CHARTER,77,71,6,77,27,0,3
BENJAMIN FRANKLIN CHARTER SCHOOL - GILBERT,320 E WARNER RD,GILBERT,MARICOPA,85296,YES,CHARTER,78,72,6,78,22,0,3
BENJAMIN FRANKLIN CHARTER SCHOOL - POWER RD,22951 S POWER RD,GILBERT,MARICOPA,85298,YES,CHARTER,98,79,19,98,29,0,15
BENNETT ACADEMY,2930 W BETHANY HOME RD,PHOENIX,MARICOPA,85017,NO,CHARTER,46,45,1,46,3,0,1
BENSON PRIMARY SCHOOL,360 S PATAGONIA ST,BENSON,COCHISE,85602,NO,PUBLIC,109,103,5,109,5,0,5
BERNARD BLACK ELEMENTARY,6550 S 27TH AVE,PHOENIX,MARICOPA,85041,YES,PUBLIC,87,83,3,87,3,0,3
BICENTENNIAL NORTH SCHOOL,7237 W MISSOURI AVE,GLENDALE,MARICOPA,85303,YES,PUBLIC,174,173,1,174,2,0,1
BIG PARK COMMUNITY SCHOOL,25 W SADDLEHORN CT,SEDONA,YAVAPAI,86351,NO,PUBLIC,34,27,5,32,6,0,5
BILTMORE PREPARATORY ACADEMY,4601 N 34TH ST,PHOENIX,MARICOPA,85018,NO,PUBLIC,55,53,2,55,2,0,7
BISBEE MIDDLE SCHOOL,519 MELODY LN,BISBEE,COCHISE,   NA,NO,CHARTER,40,38,2,40,4,2,2
BLACK MOUNTAIN ELEMENTARY SCHOOL,3404 N SANTA MARIA RD,GOLDEN VALLEY,MOHAVE,86413,YES,PUBLIC,63,60,3,63,5,0,0
BLACK MOUNTAIN ELEMENTARY SCHOOL,33016 N 60TH ST,CAVE CREEK,MARICOPA,85327,YES,PUBLIC,75,74,1,75,13,0,0
BLUE RIDGE ELEMENTARY SCHOOL,1200 W WHITE MOUNTAIN BLVD,LAKESIDE,NAVAJO,85929,NO,PUBLIC,169,166,3,169,3,0,3
BOOTH-FICKETT MATH/SCIENCE MAGNET SCHOOL,450 S MONTEGO DR,TUCSON,PIMA,85710,YES,PUBLIC,161,160,0,160,1,1,0
BORMAN ELEMENTARY SCHOOL,6630 LIGHTNING DR (DMAFB),TUCSON,PIMA,85708,YES,PUBLIC,40,40,0,40,0,0,0
BOULDER CREEK ELEMENTARY,8045 E PORTOBELLO AVE,MESA,MARICOPA,85212,YES,PUBLIC,93,90,3,93,6,0,2
BOULDER CREEK ELEMENTARY SCHOOL,22801 N 22ND ST,PHOENIX,MARICOPA,85024,YES,PUBLIC,110,108,2,110,7,0,0
BRIDGES ELEMENTARY SCHOOL,5205 S SOBOBA ST,GILBERT,MARICOPA,85298,YES,PUBLIC,85,84,1,85,2,2,1
BRUNSON-LEE ELEMENTARY SCHOOL,1350 N 48TH ST,PHOENIX,MARICOPA,85008,NO,PUBLIC,36,35,1,36,0,0,1
BUCKEYE PRIMARY SCHOOL,210 S 6TH ST,BUCKEYE,MARICOPA,85326,YES,PUBLIC,82,81,1,82,3,0,1
BULLHEAD CITY JR HIGH SCHOOL,1062 HANCOCK RD,BULLHEAD CITY,MOHAVE,86442,YES,PUBLIC,136,135,1,136,4,0,1
BURK ELEMENTARY SCHOOL,545 N BURK ST,GILBERT,MARICOPA,85234,YES,PUBLIC,55,54,1,55,2,0,0
BURKE BASIC SCHOOL,131 E SOUTHERN AVE,MESA,MARICOPA,85210,YES,CHARTER,81,81,0,81,0,1,0
BUTTERFIELD ELEMENTARY SCHOOL,3400 W MASSINGALE RD,TUCSON,PIMA,85741,NO,PUBLIC,81,79,2,81,4,3,3
C E ROSE ELEMENTARY SCHOOL,710 W MICHIGAN DR,TUCSON,PIMA,85714,YES,PUBLIC,86,86,0,86,0,0,0
C J JORGENSEN SCHOOL,1701 W ROESER RD,PHOENIX,MARICOPA,85041,YES,PUBLIC,56,56,0,56,10,0,0
C O GREENFIELD SCHOOL,7009 S 10TH ST,PHOENIX,MARICOPA,85042,NO,PUBLIC,145,143,0,143,4,4,4
C.C.U.S.D.#93 - HORSESHOE TRAILS ELEMENTARY,5405 EAST PINNACLE VISTA DR,PHOENIX,MARICOPA,85085,NO,PUBLIC,125,110,15,125,21,0,8
C.U.S.D.#80 - RIGGS ELEMENTARY - SCHOOL-AGE/PRESCHOOL,6930 SOUTH SEVILLE BOULEVARD WEST,GILBERT,MARICOPA,85298,NO,PUBLIC,146,141,5,146,20,0,5
CACTUS MIDDLE SCHOOL,1220 E KORTSEN RD,CASA GRANDE,PINAL,85222,YES,PUBLIC,286,281,5,286,10,1,5
CACTUS VIEW ELEMENTARY SCHOOL,17602 N CENTRAL AVE,PHOENIX,MARICOPA,85022,YES,PUBLIC,103,100,3,103,4,0,1
CACTUS WREN ELEMENTARY SCHOOL,9650 N 39TH AVE,PHOENIX,MARICOPA,85051,NO,PUBLIC,78,77,1,78,3,1,1
CALABASAS SCHOOL,131 CAMINO MARICOPA,RIO RICO,SANTA CRUZ,85648,YES,PUBLIC,115,114,1,115,1,0,1
CALIBRE ACADEMY SURPRISE,15688 W ACOMA DR,SURPRISE,MARICOPA,85379,NO,CHARTER,55,54,1,55,0,0,1
CAMELBACK ACADEMY,7634 W CAMELBACK RD,GLENDALE,MARICOPA,85303,NO,CHARTER,59,58,0,58,0,0,0
CAMP VERDE MIDDLE SCHOOL,370 CAMP LINCOLN RD,CAMP VERDE,YAVAPAI,86322,YES,PUBLIC,107,102,5,107,12,0,4
CAMPO BELLO ELEMENTARY SCHOOL,2650 E CONTENTION MINE RD,PHOENIX,MARICOPA,85032,YES,PUBLIC,67,67,0,67,1,0,0
CANDEO SCHOOLS,9965 W CALLE LEJOS,PEORIA,MARICOPA,85383,NO,CHARTER,57,55,2,57,2,0,1
CANYON BREEZE ELEMENTARY,11675 W ENCANTO BLVD,AVONDALE,MARICOPA,85392,NO,PUBLIC,93,91,0,91,2,0,0
CANYON DE CHELLY ELEMENTARY SCHOOL,HWY 191,CHINLE,APACHE,86503,NO,PUBLIC,36,36,0,36,0,0,0
CANYON ELEMENTARY SCHOOL,5490 W PARADISE LN,GLENDALE,MARICOPA,85306,YES,PUBLIC,47,44,3,47,5,0,1
CANYON POINTE ACADEMY,4941 W UNION HILLS DR,GLENDALE,MARICOPA,85308,NO,CHARTER,31,30,1,31,3,0,0
CANYON RIDGE ELEMENTARY,17359 WEST SURPRISE FARMS LOOP NORTH,SURPRISE,MARICOPA,85388,YES,PUBLIC,96,90,6,96,10,1,5
CANYON RIM ELEMENTARY,3045 S CANYON RIM,MESA,MARICOPA,85212,YES,PUBLIC,126,122,4,126,17,0,3
CANYON SPRINGS,42901 N 45TH AVE,ANTHEM,MARICOPA,85087,YES,PUBLIC,94,92,1,93,2,1,1
CAPITOL ELEMENTARY SCHOOL,330 N 16TH AVE,PHOENIX,MARICOPA,85007,YES,PUBLIC,64,64,0,64,0,0,0
CAPPS ELEMENTARY SCHOOL,3375 BUCKSKIN CANYON RD,HEBER,NAVAJO,85928,YES,PUBLIC,40,36,3,39,4,0,3
CAREER SUCCESS SCHOOL - SAGE CAMPUS,3120 N 32ND ST,PHOENIX,MARICOPA,85018,NO,CHARTER,23,23,0,23,0,0,0
CARMICHAEL ELEMENTARY SCHOOL,701 NE CARMICHAEL AVE,SIERRA VISTA,COCHISE,85635,YES,PUBLIC,59,57,2,59,2,0,2
CAROL RAE RANCH ELEMENTARY,3777 E HOUSTON AVE,GILBERT,MARICOPA,85234,YES,PUBLIC,89,88,1,89,4,0,1
CARPE DIEM COLLEGIATE E-LEARNING COMMUNITY,3777 W 22ND LN,YUMA,YUMA,85364,NO,CHARTER,46,46,0,46,0,0,0
CARTWRIGHT ELEMENTARY SCHOOL,5833 W THOMAS RD,PHOENIX,MARICOPA,85031,YES,PUBLIC,114,113,1,114,1,0,1
CASA GRANDE MIDDLE SCHOOL,300 W MC MURRAY BLVD,CASA GRANDE,PINAL,85222,YES,PUBLIC,230,230,0,230,0,0,0
CASAS CHRISTIAN SCHOOL,10801 N LA CHOLLA BLVD,TUCSON,PIMA,85742,NO,PRIVATE,24,22,2,24,3,0,3
CASTLE DOME MIDDLE SCHOOL,2353 S OTONDO DR,YUMA,YUMA,85365,NO,PUBLIC,286,283,3,286,9,0,3
CATALINA VENTURA SCHOOL,6331 N 39TH AVE,PHOENIX,MARICOPA,85019,YES,PUBLIC,154,152,2,154,5,1,2
CAURUS ACADEMY,41900 S 42ND AVE,PHOENIX,MARICOPA,85086,NO,CHARTER,37,32,5,37,6,0,5
CENTENNIAL ELEMENTARY SCHOOL,3507 S RANCH HOUSE PKWY,GILBERT,MARICOPA,85297,NO,PUBLIC,142,140,2,142,9,0,2
CENTENNIAL ELEMENTARY SCHOOL,2200 W WETMORE RD,TUCSON,PIMA,85705,NO,PUBLIC,78,76,2,78,2,0,1
CENTER FOR ACADEMIC SUCCESS #3,919 3RD ST,DOUGLAS,COCHISE,85607,NO,CHARTER,59,56,0,56,0,0,0
CENTER FOR ACADEMIC SUCCESS #5,900 CARMELITA DR,SIERRA VISTA,COCHISE,85635,NO,CHARTER,36,34,2,36,2,0,2
CENTER FOR EDUCATIONAL EXCELLENCE,1700 E ELLIOT RD,TEMPE,MARICOPA,85284,NO,CHARTER,39,37,2,39,0,0,2
CENTERRA MIRAGE ELEMENTARY,15151 WEST CENTERRA DRIVE SOUTH,GOODYEAR,MARICOPA,85338,YES,PUBLIC,70,69,0,70,3,1,1
CESAR CHAVEZ ELEMENTARY,1130 N 10TH AVE,SAN LUIS,YUMA,85349,YES,PUBLIC,112,112,0,112,0,0,0
CESAR E CHAVEZ COMMUNITY SCHOOL,4001 S 3RD ST,PHOENIX,MARICOPA,85040,NO,PUBLIC,63,63,0,63,0,0,0
CHALLENGE CHARTER SCHOOL,5801 W GREENBRIAR DR,GLENDALE,MARICOPA,85308,NO,CHARTER,42,42,0,42,4,0,0
CHALLENGER MIDDLE SCHOOL,6905 W MARYLAND AVE,GLENDALE,MARICOPA,85303,YES,PUBLIC,130,128,0,130,5,0,5
CHAMPION CHANDLER,250 S MCQUEEN RD,CHANDLER,MARICOPA,85225,NO,CHARTER,64,61,2,63,2,0,0
CHAMPION SCHOOLS,7900 S JESSE OWENS PKWY,PHOENIX,MARICOPA,85042,NO,CHARTER,67,67,0,67,0,0,0
CHANDLER PREPARATORY ACADEMY,1951 N ALMA SCHOOL RD,CHANDLER,MARICOPA,85224,YES,CHARTER,135,130,5,135,9,0,4
CHANDLER TRADITIONAL ACADEMY - FREEDOM,6040 SOUTH JOSLYN LANE,GILBERT,MARICOPA,85298,NO,PUBLIC,104,95,9,104,12,0,5
CHANDLER TRADITIONAL ACADEMY - GOODMAN CAMPUS,2600 W KNOX RD,CHANDLER,MARICOPA,85224,NO,PUBLIC,77,77,0,77,4,0,0
CHANDLER TRADITIONAL ACADEMY - INDEPENDENCE,1405 W LAKE DR,CHANDLER,MARICOPA,85248,NO,PUBLIC,74,72,2,74,9,0,0
CHANDLER TRADITIONAL ACADEMY - LIBERTY CAMPUS,550 N EMMETT DR,CHANDLER,MARICOPA,85225,NO,PUBLIC,66,65,1,66,15,0,1
CHANDLER TRADITIONAL JUNIOR HIGH SCHOOL,191 W OAKLAND ST,CHANDLER,MARICOPA,85225,NO,PUBLIC,137,136,1,137,2,0,1
CHAPARRAL ELEMENTARY SCHOOL,3808 W JOAN DE ARC,PHOENIX,MARICOPA,85029,NO,PUBLIC,71,69,2,71,6,6,1
CHAPARRAL MIDDLE SCHOOL,3700 E ALVORD RD,TUCSON,PIMA,   NA,YES,PUBLIC,182,182,0,182,0,0,0
CHARLOTTE PATTERSON ELEMENTARY,7520 S ADORA BLVD,GILBERT,MARICOPA,85298,NO,PUBLIC,149,142,7,149,15,0,6
CHEATHAM ELEMENTARY SCHOOL,4725 W SOUTH MOUNTAIN AVE,LAVEEN,MARICOPA,85339,NO,PUBLIC,91,89,2,91,2,0,1
CHEYENNE ELEMENTARY SCHOOL,11806 N 87TH AVE,PEORIA,MARICOPA,85345,YES,PUBLIC,85,85,0,85,4,0,0
CHEYENNE TRADITIONAL ELEMENTARY SCHOOL,11130 E CHOLLA ST,SCOTTSDALE,MARICOPA,85260,YES,PUBLIC,107,103,4,107,4,1,3
CHILDREN FIRST ACADEMY - PHOENIX,1648 S 16TH ST,PHOENIX,MARICOPA,85034,NO,CHARTER,36,36,0,36,0,0,0
CHRIST LUTHERAN PRESCHOOL,3901 EAST INDIAN SCHOOL ROAD,PHOENIX,MARICOPA,85018,YES,PRIVATE,53,52,1,53,5,1,1
CHRIST LUTHERAN SCHOOL,3901 E INDIAN SCHOOL RD,PHOENIX,MARICOPA,85018,YES,PRIVATE,53,52,1,53,5,1,1
CHRIST THE KING CATHOLIC SCHOOL,1551 E DANA AVE,MESA,MARICOPA,85204,YES,PRIVATE,26,26,0,26,2,0,1
CHRIST'S GREENFIELD LUTHERAN SCHOOL,425 N GREENFIELD RD,GILBERT,MARICOPA,85234,NO,PRIVATE,27,23,4,27,4,0,4
CIMARRON SPRINGS ELEMENTARY,17032 W SUPRISE FARMS LOOP S,SURPRISE,MARICOPA,85388,YES,PUBLIC,86,85,1,86,4,0,1
CIRCLE CROSS K-8 STEM ACADEMY,35900 N. CHARBRAY DR,SAN TAN VALLEY,PINAL,85143,NO,PUBLIC,99,97,1,98,2,1,0
CLARENDON SCHOOL,1225 W CLARENDON AVE,PHOENIX,MARICOPA,85013,NO,PUBLIC,140,138,1,139,1,1,1
CLOVES C CAMPBELL SR ELEMENTARY SCHOOL,2624 E S MOUNTAIN AVE,PHOENIX,MARICOPA,85042,YES,PUBLIC,66,65,1,66,1,0,1
COATIMUNDI MIDDLE SCHOOL,450 AVENIDA COATIMUNDI,RIO RICO,SANTA CRUZ,85648,YES,PUBLIC,134,134,0,134,5,5,1
COCOPAH MIDDLE SCHOOL,6615 E CHOLLA ST,SCOTTSDALE,MARICOPA,85254,YES,PUBLIC,255,245,10,255,22,0,11
COLLIER ELEMENTARY SCHOOL,350 S 118TH AVE,AVONDALE,MARICOPA,85323,YES,PUBLIC,110,109,1,110,4,1,1
COLONEL SMITH MIDDLE SCHOOL,5651 E SMITH AVE,FORT HUACHUCA,COCHISE,85613,YES,PUBLIC,99,98,1,99,1,0,1
COMBS TRADITIONAL SCHOOL,37327 N GANTZEL RD,SAN TAN VALLEY,PINAL,85240,YES,PUBLIC,34,31,3,34,3,0,3
CONSTITUTION ELEMENTARY SCHOOL,18440 N 15TH AVE,PHOENIX,MARICOPA,85023,YES,PUBLIC,66,65,1,66,2,0,1
CONTINENTAL ELEMENTARY SCHOOL,1991 E WHITE HOUSE CANYON RD,GREEN VALLEY,PIMA,85614,YES,PUBLIC,70,69,1,70,2,0,0
COPPER BASIN K-8,28682 N MAIN ST,QUEEN CREEK,PINAL,85143,YES,PUBLIC,76,72,4,76,6,0,4
COPPER CANYON ELEMENTARY SCHOOL,17650 N 54TH ST,SCOTTSDALE,MARICOPA,85254,YES,PUBLIC,85,84,1,85,5,0,0
COPPER CREEK ELEMENTARY,7071 W HILLCREST BLVD,GLENDALE,MARICOPA,85310,YES,PUBLIC,120,115,5,120,11,0,4
COPPER KING ELEMENTARY,10730 W CAMPBELL AVE,PHOENIX,MARICOPA,85037,NO,PUBLIC,93,92,1,93,3,0,1
COPPER RIDGE ELEMENTARY SCHOOL,10101 E THOMPSON PEAK PKWY,SCOTTSDALE,MARICOPA,85255,YES,PUBLIC,114,110,4,114,7,2,2
COPPER RIM ELEMENTARY SCHOOL,1600 MESQUITE,GLOBE,GILA,85501,YES,PUBLIC,105,102,3,105,4,0,3
COPPER TRAILS ELEMENTARY,16875 WEST CANYON TRAILS BLVD,GOODYEAR,MARICOPA,85338,YES,PUBLIC,137,136,1,137,11,1,0
COPPERWOOD SCHOOL,11232 N 65TH AVE,GLENDALE,MARICOPA,85304,YES,PUBLIC,98,98,0,98,0,0,0
CORDOVA ELEMENTARY SCHOOL,5631 N 35TH AVE,PHOENIX,MARICOPA,85017,NO,PUBLIC,104,104,0,104,2,0,0
CORONA FOOTHILLS MIDDLE SCHOOL,16705 S HOUGHTON RD,VAIL,PIMA,85641,NO,PUBLIC,185,179,6,185,10,1,5
CORONADO ELEMENTARY SCHOOL,4333 S DE ANZA BLVD,GILBERT,MARICOPA,85297,YES,PUBLIC,110,107,3,110,5,0,5
CORONADO ELEMENTARY SCHOOL,5148 CORONADO SCHOOL DR,SIERRA VISTA,COCHISE,85650,YES,PUBLIC,54,53,1,54,1,0,1
COTTON BOLL SCHOOL,8540 W BUTLER DR,PEORIA,MARICOPA,85345,YES,PUBLIC,107,106,1,107,9,0,1
COTTONWOOD MIDDLE SCHOOL,500 E MINGUS AVE,COTTONWOOD,YAVAPAI,86326,NO,PUBLIC,131,126,4,131,17,0,2
COUNTRY GARDENS CHARTER SCHOOL,6313 W SOUTHERN AVE,LAVEEN,MARICOPA,85339,NO,CHARTER,38,37,1,38,1,0,1
COUNTRY MEADOWS ELEMENTARY SCHOOL,8409 N 111 TH AVE,PEORIA,MARICOPA,85345,YES,PUBLIC,145,142,2,144,2,0,2
COUNTRY PLACE ELEMENTARY,10207 W COUNTRY PLACE BLVD,TOLLESON,MARICOPA,85353,YES,PUBLIC,115,115,0,115,1,0,1
COUNTRYSIDE ELEMENTARY,15034 N PARKVIEW PL,SURPRISE,MARICOPA,85379,YES,PUBLIC,64,64,0,64,0,0,0
COYOTE HILLS ELEMENTARY SCHOOL,21180 N 87TH AVE,PEORIA,MARICOPA,85382,YES,PUBLIC,105,103,2,105,3,1,2
COYOTE RIDGE,7677 W BETHANY HOME RD,GLENDALE,MARICOPA,85303,YES,PUBLIC,92,92,0,92,0,0,0
COYOTE SPRINGS ELEMENTARY SCHOOL,8101 E HWY 89A,PRESCOTT VALLEY,YAVAPAI,86314,YES,PUBLIC,93,93,0,93,4,4,4
COYOTE TRAIL ELEMENTARY SCHOOL,8000 N SILVERBELL RD,TUCSON,PIMA,85743,NO,PUBLIC,82,80,2,82,4,1,1
CREIGHTON ELEMENTARY SCHOOL,2802 E MCDOWELL RD,PHOENIX,MARICOPA,85008,YES,PUBLIC,81,81,0,81,0,0,0
CRISMON ELEMENTARY SCHOOL,825 W MEDINA AVE,MESA,MARICOPA,85210,YES,PUBLIC,92,91,1,92,4,0,1
CROWN CHARTER SCHOOL,12450 W MARYLAND AVE,LITCHFIELD PARK,MARICOPA,85340,NO,CHARTER,28,28,0,28,0,0,0
CURIEL SCHOOL,1000 N CURIEL ST,ELOY,PINAL,85131,YES,PUBLIC,95,94,1,95,0,1,0
DAVID CROCKETT SCHOOL,501 N 36TH ST,PHOENIX,MARICOPA,85008,YES,PUBLIC,56,56,0,56,0,0,0
DEGRAZIA ELEMENTARY SCHOOL,5051 W OVERTON RD,TUCSON,PIMA,85742,NO,PUBLIC,86,83,1,84,2,0,0
DENNEHOTSO BOARDING SCHOOL,EAST HWY. 160,DENNEHOTSO,APACHE,86535,NO,PUBLIC,21,21,0,21,21,0,0
DESERT CANYON ELEMENTARY,10203 E MCDOWELL MOUNTAIN RANCH RD,SCOTTSDALE,MARICOPA,   NA,YES,CHARTER,177,169,8,177,17,0,17
DESERT CANYON MIDDLE SCHOOL,10203 E MCDOWELL MOUNTAIN RANCH RD,SCOTTSDALE,MARICOPA,85255,YES,PUBLIC,177,169,8,177,17,0,17
DESERT CHRISTIAN PRE-SCHOOL,9415 E WRIGHTSTOWN ROAD,TUCSON,PIMA,85715,NO,PRIVATE,37,37,0,37,2,0,0
DESERT COVE ELEMENTARY SCHOOL,11020 N 28TH ST,PHOENIX,MARICOPA,85028,NO,CHARTER,77,75,2,77,2,2,2
DESERT HEIGHTS PREPARATORY ACADEMY,16635 N 51ST AVE,GLENDALE,MARICOPA,85308,NO,CHARTER,57,52,5,57,5,0,5
DESERT HORIZON ELEMENTARY SCHOOL,8525 W OSBORN RD,PHOENIX,MARICOPA,85037,NO,PUBLIC,110,109,1,110,1,0,1
DESERT MARIGOLD SCHOOL,6210 S 28TH ST,PHOENIX,MARICOPA,85042,NO,CHARTER,28,18,10,28,17,0,7
DESERT MEADOWS ELEMENTARY SCHOOL,6855 W MEADOWS LOOP E,LAVEEN,MARICOPA,85339,NO,PUBLIC,96,93,3,96,3,0,3
DESERT MIRAGE ELEMENTARY SCHOOL,8605 W MARYLAND AVE,GLENDALE,MARICOPA,85305,NO,PUBLIC,87,86,1,87,1,0,0
DESERT MOUNTAIN SCHOOL,35959 NORTH 7TH AVENUE,PHOENIX,MARICOPA,85086,YES,PUBLIC,85,78,7,85,14,0,5
DESERT OASIS ELEMENTARY SCHOOL,17161 W BAJADA RD,SURPRISE,MARICOPA,85387,YES,PUBLIC,50,48,2,50,2,0,0
DESERT OASIS ELEMENTARY SCHOOL,8802 W MCDOWELL RD,PHOENIX,MARICOPA,85037,NO,PUBLIC,92,92,0,92,1,0,1
DESERT PALMS ELEMENTARY SCHOOL,11441 N 55TH AVE,GLENDALE,MARICOPA,85304,YES,PUBLIC,63,63,0,63,1,0,0
DESERT SAGE ELEMENTARY SCHOOL,4035 W ALAMEDA,GLENDALE,MARICOPA,85310,YES,PUBLIC,74,69,5,74,6,0,2
DESERT SANDS MIDDLE SCHOOL,6308 W CAMPBELL AVE,PHOENIX,MARICOPA,85033,YES,PUBLIC,338,334,2,338,2,2,0
DESERT SHADOWS ELEMENTARY SCHOOL,5902 E SWEETWATER AVE,SCOTTSDALE,MARICOPA,85254,NO,PUBLIC,66,60,5,66,5,0,5
DESERT SHADOWS MIDDLE SCHOOL,340 BLVD DEL REY DAVID,NOGALES,SANTA CRUZ,85621,YES,PUBLIC,243,242,1,243,2,1,1
DESERT SKY MIDDLE SCHOOL,9850 E RANKIN LOOP,TUCSON,PIMA,85747,NO,PUBLIC,247,242,5,247,6,0,6
DESERT SPIRIT,7355 W ORANGEWOOD AVE,GLENDALE,MARICOPA,85303,YES,PUBLIC,107,107,0,107,1,0,0
DESERT SPRINGS PREPARATORY ELEMENTARY SCHOOL,6010 E ACOMA DR,SCOTTSDALE,MARICOPA,85254,YES,PUBLIC,66,59,7,66,9,1,8
DESERT STAR COMMUNITY SCHOOL,1240 S RECYLER RD,CORNVILLE,YAVAPAI,   NA,NO,CHARTER,23,14,9,23,9,9,9
DESERT STAR SCHOOL,2131 S 157TH AVE,GOODYEAR,MARICOPA,85338,YES,PUBLIC,91,89,2,91,4,0,2
DESERT SUN ELEMENTARY SCHOOL,27880 N 64TH ST,SCOTTSDALE,MARICOPA,85266,NO,PUBLIC,55,52,3,55,4,0,1
DESERT THUNDER SCHOOL,16750 W GARFIELD ST,GOODYEAR,MARICOPA,85338,NO,PUBLIC,84,84,0,84,6,0,0
DESERT TRAILS ELEMENTARY SCHOOL,4315 E CASHMAN DR,PHOENIX,MARICOPA,85050,YES,PUBLIC,95,89,6,95,6,2,5
DESERT VALLEY ELEMENTARY SCHOOL,12901 N 63RD AVE,GLENDALE,MARICOPA,85304,YES,PUBLIC,77,73,4,77,4,0,3
DESERT VIEW ELEMENTARY,1508 N 10TH AVE,SAN LUIS,YUMA,85349,YES,PUBLIC,115,114,1,115,2,0,2
DESERT VISTA ELEMENTARY SCHOOL,3701 E BROADWAY AVE,APACHE JUNCTION,PINAL,85119,YES,PUBLIC,102,99,2,102,6,0,2
DESERT WILLOW ELEMENTARY SCHOOL,4322 E DESERT WILLOW PKWY,CAVE CREEK,MARICOPA,85331,NO,PUBLIC,117,111,6,117,12,1,5
DESTINY SCHOOL,22 PRICKLY PEAR DR,GLOBE,GILA,85501,NO,CHARTER,29,29,0,29,0,0,0
DIETZ K-8 SCHOOL,7575 E PALMA ST,TUCSON,PIMA,85710,YES,PUBLIC,50,50,0,50,1,0,0
DILWORTH BRINTON ELEMENTARY,11455 E SUNLAND AVE,MESA,MARICOPA,85208,YES,PUBLIC,84,84,0,84,2,0,0
DISCOVERY SCHOOL,7910 W MARYLAND AVE,GLENDALE,MARICOPA,85303,YES,PUBLIC,93,93,0,93,4,1,0
DISHCHII'BIKOH COMMUNITY SCHOOL,PO BOX 80068,CIBECUE,NAVAJO,85911,YES,PRIVATE,45,45,0,45,0,0,0
DOBSON ACADEMY A-BALL CHARTER SCHOOL,2207 N DOBSON RD,CHANDLER,MARICOPA,85224,NO,CHARTER,40,36,4,40,12,0,1
DODGE TRADITIONAL MAGNET MIDDLE SCHOOL,5831 E PIMA ST,TUCSON,PIMA,85712,YES,PUBLIC,147,145,1,146,2,0,1
DON MENSENDICK SCHOOL,5535 N. 67TH AVE,GLENDALE,MARICOPA,85301,YES,PUBLIC,182,182,0,182,1,0,0
DOOLEN MIDDLE SCHOOL,2400 N COUNTRY CLUB RD,TUCSON,PIMA,85716,YES,PUBLIC,256,253,3,256,7,4,3
DOROTHY STINSON SCHOOL,2013 S 8TH AVE,SAFFORD,GRAHAM,85546,YES,PUBLIC,77,76,1,77,3,0,0
DOS RIOS ELEMENTARY,2150 S 87TH AVE,TOLLESON,MARICOPA,85353,NO,PUBLIC,93,92,1,93,2,0,2
DR. GARY AND ANNETTE AUXIER ELEMENTARY SCHOOL,22700 S POWER RD,QUEEN CREEK,MARICOPA,85142,NO,PUBLIC,116,110,6,116,12,0,4
DRACHMAN PRIMARY MAGNET SCHOOL,1085 S 10TH AVE,TUCSON,PIMA,85701,YES,PUBLIC,24,24,0,24,0,0,0
DREXEL ELEMENTARY SCHOOL,801 E DREXEL RD,TUCSON,PIMA,85706,YES,PUBLIC,79,79,0,79,0,0,0
DWIGHT PATTERSON ELEMENTARY,615 S CHESHIRE,MESA,MARICOPA,85208,YES,PUBLIC,95,94,0,94,1,0,1
DYSART ELEMENTARY SCHOOL,12950 W VARNEY RD,EL MIRAGE,MARICOPA,85335,YES,PUBLIC,128,125,3,128,3,0,2
EAGLE COLLEGE PREP,2450 W SOUTH MOUNTAIN AVE,PHOENIX,MARICOPA,85041,NO,CHARTER,79,71,7,78,13,0,5
EAGLE COLLEGE PREP - MARYVALE,3950 N 53RD AVE,PHOENIX,MARICOPA,85031,NO,CHARTER,43,43,0,43,0,1,0
EAGLE RIDGE ELEMENTARY SCHOOL,19801 N 13TH ST,PHOENIX,MARICOPA,85024,YES,PUBLIC,68,68,0,68,3,0,0
EAGLERIDGE ENRICHMENT PROGRAM,737 W GUADALUPE,MESA,MARICOPA,   NA,YES,PUBLIC,73,58,15,73,29,6,11
ECHO MOUNTAIN INTERMEDIATE SCHOOL,1811 E MICHIGAN AVE,PHOENIX,MARICOPA,85022,YES,PUBLIC,145,143,2,145,11,0,2
ED & VERMA PASTOR ELEMENTARY SCHOOL,2101 W ALTA VISTA RD,PHOENIX,MARICOPA,85041,YES,PUBLIC,63,62,1,63,1,0,1
ED PASTOR ELEMENTARY 4,985 N 6TH AVE,SAN LUIS,YUMA,85349,YES,PUBLIC,73,73,0,73,0,0,0
EDISON ELEMENTARY SCHOOL,545 N HORNE,MESA,MARICOPA,85203,YES,PUBLIC,95,93,2,95,6,2,0
EDUPRIZE SCHOOL,4567 W ROBERTS RD,QUEEN CREEK,PINAL,85142,YES,CHARTER,210,206,4,210,14,0,2
EISENHOWER ELEMENTARY SCHOOL,848 N MESA DR,MESA,MARICOPA,85201,YES,PUBLIC,78,78,0,78,0,0,0
EL MIRAGE ELEMENTARY SCHOOL,12308 W THUNDERBIRD RD,EL MIRAGE,MARICOPA,85335,YES,PUBLIC,81,81,0,81,3,0,0
ELLSWORTH ELEMENTARY,38454 N CAROLINA AVE,QUEEN CREEK,PINAL,85140,NO,PUBLIC,110,103,7,110,16,0,5
ELVIRA ELEMENTARY SCHOOL,250 W ELVIRA RD,TUCSON,PIMA,85756,YES,PUBLIC,97,97,0,97,0,0,0
EMERSON ELEMENTARY SCHOOL,415 N WESTWOOD RD,MESA,MARICOPA,85201,YES,PUBLIC,134,131,3,134,8,1,3
EMPOWER COLLEGE PREP,5757 N CENTRAL AVE,PHOENIX,MARICOPA,85012,NO,CHARTER,87,80,0,80,0,0,0
ENTZ ELEMENTARY SCHOOL,4132 E ADOBE ST,MESA,MARICOPA,85205,YES,PUBLIC,105,101,4,105,9,3,2
ESMOND STATION SCHOOL,9400 S ATTERBURY WASH WAY,TUCSON,PIMA,85747,NO,PUBLIC,78,76,2,78,2,0,2
ESPERANZA ELEMENTARY SCHOOL,251 W MOHAWK LN,PHOENIX,MARICOPA,85027,YES,PUBLIC,69,68,1,69,6,0,5
ESPERANZA ELEMENTARY SCHOOL,2353 E BANTAM,TUCSON,PIMA,85706,YES,PUBLIC,84,84,0,84,0,0,0
ESPERERO CANYON MIDDLE SCHOOL,5801 N SABINO CANYON RD,TUCSON,PIMA,85750,YES,PUBLIC,207,204,3,207,14,0,3
ESTRELLA MIDDLE SCHOOL,3733 N 75TH AVE,PHOENIX,MARICOPA,85033,NO,PUBLIC,406,405,1,406,10,2,1
ESTRELLA MOUNTAIN ELEMENTARY SCHOOL,10301 S SAN MIGUEL,GOODYEAR,MARICOPA,85338,NO,PUBLIC,80,77,3,80,5,4,2
ESTRELLA VISTA ELEMENTARY,11905 W COCOPAH CIR,AVONDALE,MARICOPA,85323,NO,PUBLIC,109,108,1,109,2,0,1
ETHOS ACADEMY,8840 N. 43RD AVE,GLENDALE,MARICOPA,85302,NO,CHARTER,23,22,0,22,0,0,0
EXCELENCIA SCHOOL,2181 E MCDOWELL RD,PHOENIX,MARICOPA,85006,YES,PUBLIC,91,91,0,91,0,0,0
FAIRBANKS MIDDLE SCHOOL,1056 FAIRBANKS RD,MORENCI,GREENLEE,85540,NO,PUBLIC,98,98,0,98,0,0,0
FALCON HILL ELEMENTARY SCHOOL,1645 N STERLING ST,MESA,MARICOPA,85207,YES,PUBLIC,77,73,4,77,7,0,2
FEES MIDDLE SCHOOL,1600 E WATSON DR,TEMPE,MARICOPA,85283,YES,PUBLIC,303,302,1,303,7,1,2
FESTIVAL FOOTHILLS ELEMENTARY SCHOOL,26252 W DESERT VISTA BLVD,BUCKEYE,MARICOPA,85396,NO,PUBLIC,36,33,3,36,5,0,1
FIELD ELEMENTARY SCHOOL,2325 E ADOBE ST,MESA,MARICOPA,85213,YES,PUBLIC,100,100,0,100,8,0,8
FINE ARTS ACADEMY,1700 S. 103RD AVE,TOLLESON,MARICOPA,85353,YES,PUBLIC,80,74,6,80,6,6,6
FINLEY FARMS ELEMENTARY,375 S COLUMBUS DR,GILBERT,MARICOPA,85296,YES,PUBLIC,92,89,3,92,8,0,0
FIRST AVENUE ELEMENTARY SCHOOL,914 N FIRST AVE,SAN MANUEL,PINAL,85631,NO,PUBLIC,49,48,1,49,2,0,1
FIRST MESA ELEMENTARY SCHOOL,NA,POLACCA,NAVAJO,   NA,YES,PRIVATE,24,24,0,24,0,0,0
FLAGSTAFF JUNIOR ACADEMY ELEMENTARY CAMPUS,306 W CEDAR AVE,FLAGSTAFF,COCONINO,   NA,NO,PUBLIC,46,37,9,46,11,6,6
FLORENCE K-8,460 S PARK ST,FLORENCE,PINAL,85232,YES,PUBLIC,86,83,3,86,7,0,6
FOOTHILLS ACADEMY COLLEGE PREPARATORY,7191 E ASHLER HILLS DR,SCOTTSDALE,MARICOPA,85266,NO,CHARTER,21,18,3,21,5,0,3
FOOTHILLS ELEMENTARY SCHOOL,15808 N 63RD AVE,GLENDALE,MARICOPA,85306,YES,PUBLIC,84,80,4,84,5,5,4
FORT THOMAS ELEMENTARY SCHOOL,15560 W ELEMENTARY RD,FORT THOMAS,GRAHAM,85536,YES,PUBLIC,40,40,0,40,0,0,0
FOUNTAIN HILLS MIDDLE SCHOOL,15414 N MCDOWELL MOUNTAIN RD,FOUNTAIN HILLS,MARICOPA,85268,NO,PUBLIC,112,108,4,112,9,0,3
FOUR PEAKS ELEMENTARY SCHOOL,1755 N IDAHO RD,APACHE JUNCTION,PINAL,85219,YES,PUBLIC,113,110,3,113,5,0,2
FOURTH AVENUE JUNIOR HIGH SCHOOL,450 4TH AVE,YUMA,YUMA,85364,NO,PUBLIC,113,110,2,113,2,0,2
FOX CREEK JR HIGH SCHOOL,3101 DESERT SKY BLVD,BULLHEAD CITY,MOHAVE,86442,YES,PUBLIC,167,161,6,167,7,0,7
FRANK BORMAN MIDDLE SCHOOL,3637 N 55TH AVE,PHOENIX,MARICOPA,85031,NO,PUBLIC,143,143,0,143,0,0,0
FRANKLIN AT ALMA ELEMENTARY,1313 W MEDINA AVE,MESA,MARICOPA,85202,YES,PUBLIC,31,31,0,31,3,0,0
FRANKLIN AT BRIMHALL ELEMENTARY SCHOOL,4949 E SOUTHERN RD,MESA,MARICOPA,   NA,YES,PUBLIC,113,113,0,113,17,0,6
FRANKLIN ELEMENTARY SCHOOL,1753 E 8TH AVE,MESA,MARICOPA,85204,NO,PUBLIC,97,93,4,97,8,0,3
FRANKLIN PHONETIC PRIMARY SCHOOL,6116 E HIGHWAY 69,PRESCOTT VALLEY,YAVAPAI,86314,NO,CHARTER,49,37,4,46,0,0,3
FRANKLIN WEST ELEMENTARY,236 S SIRRINE,MESA,MARICOPA,85210,YES,PUBLIC,73,67,6,73,12,1,5
FREEDOM ACADEMY,3916 EAST PARADISE LANE,PHOENIX,MARICOPA,85032,NO,CHARTER,44,39,5,44,8,0,5
FREEDOM ELEMENTARY SCHOOL,22150 W. SUNDANCE PKWY S,BUCKEYE,MARICOPA,85326,YES,PUBLIC,78,76,0,76,2,2,0
FRIENDLY HOUSE ACADEMIA DEL PUEBLO ELEMENTARY SCHOOL,201 E DURANGO ST,PHOENIX,MARICOPA,85004,NO,CHARTER,45,45,0,45,0,0,0
FRONTIER ELEMENTARY SCHOOL,21258 N 81ST AVE,PEORIA,MARICOPA,85382,YES,PUBLIC,112,108,4,112,15,1,1
FRYE ELEMENTARY SCHOOL,801 E FRYE RD,CHANDLER,MARICOPA,85225,NO,PUBLIC,76,75,1,76,1,1,1
G.P.S. - GREENFIELD ELEMENTARY,2550 EAST ELLIOT ROAD,GILBERT,MARICOPA,85234,YES,PUBLIC,151,147,4,151,8,0,1
G.P.S. - HIGHLAND PARK ELEMENTARY,230 NORTH COLE DRIVE,GILBERT,MARICOPA,85234,YES,PUBLIC,121,116,4,120,8,0,0
G.P.S. - OAK TREE ELEMENTARY,505 WEST HOUSTON AVENUE,GILBERT,MARICOPA,85296,YES,PUBLIC,77,73,4,77,3,0,0
G.P.S. - QUARTZ HILL ELEMENTARY,3680 SOUTH QUARTZ HILL,GILBERT,MARICOPA,85296,YES,PUBLIC,113,105,8,113,13,0,8
G.P.S. - TOWNE MEADOWS ELEMENTARY,1101 NORTH RECKER ROAD,HIGLEY,MARICOPA,85236,YES,PUBLIC,139,137,2,139,10,10,2
GADSDEN ELEMENTARY SCHOOL,18745 GADSDEN ST,GADSDEN,YUMA,85349,NO,PUBLIC,86,86,0,86,0,0,0
GALVESTON ELEMENTARY SCHOOL,661 E GALVESTON ST,CHANDLER,MARICOPA,85225,NO,PUBLIC,80,80,0,80,1,0,0
GANADO MIDDLE SCHOOL,HWY 264,GANADO,APACHE,86505,NO,PUBLIC,108,108,0,108,0,0,0
GARDEN LAKES ELEMENTARY SCHOOL,10825 W GARDEN LAKES PKWY,AVONDALE,MARICOPA,85392,YES,PUBLIC,106,102,4,106,7,2,4
GARY A KNOX ELEMENTARY,2926 S 21ST DR,YUMA,YUMA,85364,NO,PUBLIC,87,87,0,87,1,0,1
GATEWAY POINTE ELEMENTARY,2069 S DELATORRE DR,HIGLEY,MARICOPA,85236,NO,PUBLIC,129,125,4,129,8,3,8
GATEWAY POLYTECHNIC ACADEMY,5149 S SIGNAL BUTTE RD,MESA,MARICOPA,85212,NO,PUBLIC,91,90,1,91,4,0,1
GATEWAY SCHOOL,1100 N 35TH ST,PHOENIX,MARICOPA,85008,YES,PUBLIC,75,75,0,75,0,0,0
GAVILAN PEAK ELEMENTARY,2701 W MEMORIAL DR,ANTHEM,MARICOPA,85086,YES,PUBLIC,79,74,3,77,4,2,2
GEORGE WASHINGTON CARVER ELEMENTARY SCHOOL,1341 5TH ST,YUMA,YUMA,85364,YES,PUBLIC,69,69,0,69,0,0,0
GILA CROSSING COMMUNITY SCHOOL,4408 W PECOS RD,LAVEEN,MARICOPA,85339,YES,PUBLIC,59,59,0,59,0,0,0
GILA VISTA JR HIGH SCHOOL,2245 ARIZONA AVE,YUMA,YUMA,85364,NO,PUBLIC,155,154,1,155,2,0,1
GILBERT CHRISTIAN ELEMENTARY & MIDDLE SCHOOL,1424 S PROMENADE LN,GILBERT,MARICOPA,85296,NO,PRIVATE,60,53,7,60,10,0,5
GILBERT ELEMENTARY SCHOOL,175 W ELLIOT RD,GILBERT,MARICOPA,85233,YES,PUBLIC,73,70,3,73,6,0,2
GILILLAND MIDDLE SCHOOL,1025 S BECK AVE,TEMPE,MARICOPA,85281,YES,PUBLIC,322,321,1,322,7,0,1
GLADDEN FARMS ELEMENTARY SCHOOL,11745 W GLADDEN FARMS DR.,MARANA,PIMA,85653,YES,PUBLIC,88,86,2,88,1,0,1
GLENDALE AMERICAN SCHOOL,8530 N 55TH AVE,GLENDALE,MARICOPA,85302,NO,PUBLIC,70,68,0,68,4,0,0
GLENDALE LANDMARK MIDDLE SCHOOL,5730 W MYRTLE AVE,GLENDALE,MARICOPA,85301,YES,PUBLIC,91,91,0,91,0,0,0
GLENDALE PREPARATORY ACADEMY,23276 N. 83RD AVE,PEORIA,MARICOPA,85383,YES,CHARTER,101,97,4,101,11,1,3
GLENN F BURTON SCHOOL,4801 W MARYLAND AVE,GLENDALE,MARICOPA,85301,YES,PUBLIC,90,89,0,89,0,0,0
GLENN L DOWNS SCHOOL,3611 N 47TH AVE,PHOENIX,MARICOPA,85031,YES,PUBLIC,90,89,1,90,1,0,1
GOWAN SCIENCE ACADEMY,1590 S AVENUE C,YUMA,YUMA,85364,NO,PUBLIC,60,60,0,60,0,0,0
GRANADA EAST SCHOOL,3022 W CAMPBELL AVE,PHOENIX,MARICOPA,85017,YES,PUBLIC,241,240,1,241,1,1,1
GRAND CANYON ELEMENTARY,1 BOULDER ST,GRAND CANYON,COCONINO,86023,NO,PUBLIC,24,23,0,23,0,0,0
GRANDE INNOVATION ACADEMY,950 N. PEART RD,CASA GRANDE,PINAL,85122,NO,CHARTER,52,49,2,51,2,0,2
GRANITE MOUNTAIN MIDDLE SCHOOL,1800 WILLIAMSON VALLEY RD,PRESCOTT,YAVAPAI,   NA,YES,PUBLIC,289,277,12,289,24,0,9
GRANVILLE ELEMENTARY,5350 STOVER DR,PRESCOTT VALLEY,YAVAPAI,86314,NO,PUBLIC,89,86,3,89,3,2,2
GRAYHAWK ELEMENTARY SCHOOL,7525 E GRAYHAWK DR,SCOTTSDALE,MARICOPA,85255,YES,PUBLIC,90,88,2,90,3,1,0
GREAT EXPECTATIONS ACADEMY,1466 W CAMINO ANTIGUA,SAHUARITA,PIMA,85629,NO,CHARTER,37,34,3,37,4,0,3
GREAT HEART ACADEMIES - CENTRAL SCOTTSDALE PREPARATORY,7205 N PIMA RD,SCOTTSDALE,MARICOPA,85258,YES,CHARTER,139,131,8,139,12,3,7
GREAT HEART ACADEMIES ARCHWAY LINCOLN,2250 S GILBERT RD,CHANDLER,MARICOPA,   NA,NO,CHARTER,116,109,7,116,13,1,4
GREAT HEARTS ACADEMIES - ARETE PREPARATORY ACADEMY,4525 E BASELINE RD,MESA,MARICOPA,85234,YES,CHARTER,99,90,9,99,17,0,4
GREAT HEARTS ACADEMY - CICERO PREPARATORY ACADEMY,7205 N PIMA RD,SCOTTSDALE,MARICOPA,85250,YES,CHARTER,101,97,4,101,6,0,3
GREENBRIER ELEMENTARY SCHOOL,6150 W GREENBRIER DR,GLENDALE,MARICOPA,85308,YES,PUBLIC,48,46,2,48,6,0,6
GRIFFITH ELEMENTARY SCHOOL,4505 E PALM LN,PHOENIX,MARICOPA,85008,NO,PUBLIC,59,58,1,59,2,2,2
H L SUVERKRUP ELEMENTARY SCHOOL,1590 S AVENUE C,YUMA,YUMA,85364,NO,PUBLIC,60,60,0,60,0,0,0
H.U.S.D. - CHAPARRAL ELEMENTARY,3380 EAST FRYE ROAD,GILBERT,MARICOPA,85295,NO,PUBLIC,135,131,4,135,10,0,2
H.U.S.D. - CORTINA ELEMENTARY SCHOOL,19680 SOUTH 188TH STREET,QUEEN CREEK,MARICOPA,85142,NO,PUBLIC,146,141,5,146,10,0,3
H.U.S.D. - HIGLEY TRADITIONAL ACADEMY,3391 EAST VEST AVENUE,GILBERT,MARICOPA,85295,NO,PUBLIC,88,86,2,88,3,3,1
H.U.S.D. - SAN TAN ELEMENTARY SCHOOL,3443 EAST GALISTOGA DRIVE,GILBERT,MARICOPA,85297,NO,PUBLIC,116,115,1,116,2,0,1
HALE ELEMENTARY SCHOOL,1425 N 23RD ST,MESA,MARICOPA,85213,YES,PUBLIC,82,80,2,82,2,0,1
HALEY ELEMENTARY,3401 S LAYTON LAKES,CHANDLER,MARICOPA,85286,NO,PUBLIC,125,119,6,125,11,0,2
HAPPY VALLEY SCHOOL,7140 W HAPPY VALLEY RD,PEORIA,MARICOPA,   NA,YES,CHARTER,50,47,3,50,3,2,1
HAPPY VALLEY SCHOOL - EAST CAMPUS,"22721 S ELLSWORTH RD, STE 103",QUEEN CREEK,PINAL,85140,NO,CHARTER,45,42,3,45,4,0,2
HAROLD W SMITH SCHOOL,6534 N 63RD AVE,GLENDALE,MARICOPA,85301,YES,PUBLIC,102,102,0,102,0,0,0
HARRIS ELEMENTARY SCHOOL,1820 S HARRIS DR,MESA,MARICOPA,85204,YES,PUBLIC,64,64,0,64,3,0,0
HARTFORD SYLVIA ENCINAS ELEMENTARY SCHOOL,700 N HARTFORD ST,CHANDLER,MARICOPA,85225,NO,PUBLIC,87,87,0,87,4,1,0
HARVEST PREPARATORY ACADEMY,350 E 18TH ST,YUMA,YUMA,85364,NO,CHARTER,83,83,0,83,0,0,0
HARVEST PREPARATORY ACADEMY - GOODYEAR,14900 W VAN BUREN ST,GOODYEAR,MARICOPA,85338,NO,CHARTER,31,29,2,31,2,0,2
"HARVEST PREPARATORY ACADEMY, SAN LUIS",1044 N 10TH AVE,SAN LUIS,YUMA,85349,NO,CHARTER,69,69,0,69,0,0,0
HAVASU PREPARATORY ACADEMY PUBLIC CHARTER,3155 MARICOPA AVE,LAKE HAVASU CITY,MOHAVE,86406,NO,CHARTER,33,33,0,33,1,0,0
HAVASUPAI ELEMENTARY SCHOOL,880 CASHMERE DR,LAKE HAVASU CITY,MOHAVE,86404,YES,PUBLIC,56,56,0,56,0,0,0
HAWTHORNE ELEMENTARY SCHOOL,630 N HUNT DR,MESA,MARICOPA,85203,YES,PUBLIC,56,55,1,56,1,0,0
HEARN ACADEMY,17606 NORTH 7TH AVENUE,PHOENIX,MARICOPA,85023,YES,CHARTER,70,67,3,70,5,0,2
HEARTLAND RANCH ELEMENTARY SCHOOL,1667 W CAROLINE ST,COOLIDGE,PINAL,85128,YES,PUBLIC,86,86,0,86,2,1,0
HERITAGE ELEMENTARY SCHOOL - EAST CAMPUS,6805 N 125TH AVE,GLENDALE,MARICOPA,85307,NO,CHARTER,108,105,1,108,1,0,1
HERITAGE MIDDLE SCHOOL,1076 N RD 1 W,CHINO VALLEY,YAVAPAI,86323,YES,PUBLIC,178,162,16,178,44,0,4
HERITAGE SCHOOL,5312 W MOUNTAIN VIEW RD,GLENDALE,MARICOPA,85302,YES,PUBLIC,77,74,2,76,4,0,2
HERMOSA VISTA ELEMENTARY SCHOOL,2626 N 24TH ST,MESA,MARICOPA,85213,YES,PUBLIC,92,90,2,92,10,0,2
HIDDEN HILLS ELEMENTARY SCHOOL,1919 E SHARON DR,PHOENIX,MARICOPA,85022,YES,PUBLIC,73,72,1,73,4,0,4
HIGHLAND ELEMENTARY SCHOOL,3042 E ADOBE ST,MESA,MARICOPA,85213,YES,PUBLIC,105,102,3,105,10,1,2
HIGHLAND LAKES SCHOOL,19000 N 63RD AVE,GLENDALE,MARICOPA,85308,YES,PUBLIC,124,114,10,124,11,0,6
HOHOKAM ELEMENTARY SCHOOL,8451 E OAK ST,SCOTTSDALE,MARICOPA,85257,YES,PUBLIC,44,44,0,44,0,0,0
HOLBROOK JUNIOR HIGH SCHOOL,412 W BUFFALO ST,HOLBROOK,NAVAJO,86025,YES,PUBLIC,112,112,0,112,1,1,1
HOLLINGER ELEMENTARY SCHOOL,150 W AJO WAY,TUCSON,PIMA,85713,YES,PUBLIC,67,67,0,67,0,0,0
HOLMES ELEMENTARY SCHOOL,948 S HORNE,MESA,MARICOPA,85204,YES,PUBLIC,100,99,0,99,0,0,0
HOMER DAVIS ELEMENTARY SCHOOL,4250 N ROMERO RD,TUCSON,PIMA,85705,NO,PUBLIC,71,67,4,71,4,0,4
HORIZON COMMUNITY LEARNING CENTER,16233 S 48TH ST,PHOENIX,MARICOPA,   NA,NO,CHARTER,127,121,6,127,13,0,2
HORIZON SCHOOL,8520 N 47TH AVE,GLENDALE,MARICOPA,85302,YES,PUBLIC,107,100,7,107,14,0,6
HOUSTON ELEMENTARY SCHOOL,500 E HUSTON AVE,GILBERT,MARICOPA,85234,YES,PUBLIC,57,56,1,57,1,0,1
HUACHUCA CITY ELEMENTARY SCHOOL,100 SCHOOL DR,HUACHUCA CITY,COCHISE,85616,NO,PUBLIC,40,39,1,40,2,0,1
HUACHUCA MOUNTAIN ELEMENTARY SCHOOL,3228 SAINT ANDREWS DR,SIERRA VISTA,COCHISE,85650,YES,PUBLIC,85,84,1,85,2,0,2
HUMBOLDT ELEMENTARY SCHOOL,2750 S CORRAL ST,HUMBOLT,YAVAPAI,86329,YES,PUBLIC,56,55,1,56,1,1,1
HURLEY RANCH ELEMENTARY,8950 W ILLINI ST,TOLLESON,MARICOPA,   NA,NO,PUBLIC,142,142,0,142,3,0,0
IGNACIO CONCHOS ELEMENTARY SCHOOL,1718 W. VINEYARD RD,PHOENIX,MARICOPA,85041,YES,PUBLIC,45,45,0,45,0,0,0
IMAGINE CHARTER ELEMENTARY SCHOOL AT WEST GILBERT,2061 SOUTH GILBERT ROAD,GILBERT,MARICOPA,85295,NO,CHARTER,32,30,2,32,0,0,2
IMAGINE CHARTER SCHOOL AT BELL CANYON,18052 N BLACK CANYON HWY,PHOENIX,MARICOPA,85053,NO,CHARTER,30,30,0,30,0,0,0
IMAGINE ELEMENTARY AT AVONDALE,950 N ELISIO C FELIX JR WAY,AVONDALE,MARICOPA,85053,NO,CHARTER,82,75,7,82,7,0,7
IMAGINE MIDDLE AT COOLIDGE,1290 W VAH KI INN RD,COOLIDGE,PINAL,   NA,NO,CHARTER,122,103,3,106,8,8,5
IMAGINE MIDDLE AT DESERT WEST,6738 W MCDOWELL RD,PHOENIX,MARICOPA,   NA,NO,CHARTER,141,140,1,141,2,0,0
IMAGINE MIDDLE AT SUPERSTITION,1843 W 16TH AVE,APACHE JUNCTION,PINAL,85120,NO,CHARTER,37,36,1,37,1,0,1
IMAGINE MIDDLE SCHOOL AT CORTEZ PARK,3535 W DUNLAP AVE,PHOENIX,MARICOPA,85051,NO,CHARTER,94,93,1,94,1,0,1
IMAGINE MIDDLE SCHOOL AT SURPRISE,14850 N 156TH AVE,SURPRISE,MARICOPA,85379,NO,CHARTER,129,124,5,129,5,0,5
IMMACULATE CONCEPTION PRESCHOOL,501 SOUTH AVENUE B,YUMA,YUMA,85364,NO,PRIVATE,21,21,0,21,0,0,0
INCA ELEMENTARY SCHOOL,236000 W DURANGO ST,BUCKEYE,MARICOPA,85326,NO,PUBLIC,108,106,2,108,4,0,2
INCITO SCHOOLS,877 N SARIVAL AVE,GOODYEAR,MARICOPA,85338,NO,CHARTER,32,28,0,28,0,0,0
INDIAN BEND ELEMENTARY SCHOOL,3633 E THUNDERBIRD RD,PHOENIX,MARICOPA,85032,NO,PUBLIC,81,79,2,81,2,0,0
INDIAN OASIS INTERMEDIATE ELEMENTARY SCHOOL,HIGHWAY 86,SELLS,PIMA,85634,NO,PUBLIC,86,86,0,86,0,0,0
INGLESIDE MIDDLE SCHOOL,5402 E OSBORN RD,PHOENIX,MARICOPA,85018,YES,PUBLIC,305,295,10,305,8,2,8
IRA A FULTON ELEMENTARY,4750 S SUNLAND DR,CHANDLER,MARICOPA,85248,NO,PUBLIC,142,139,3,142,19,0,3
IRA A MURPHY SCHOOL,7231 W NORTH LN,PEORIA,MARICOPA,85345,YES,PUBLIC,50,50,0,50,0,0,0
IRENE LOPEZ SCHOOL,4610 S. 12TH ST,PHOENIX,MARICOPA,85040,YES,PUBLIC,59,58,1,59,1,1,1
IRONWOOD ELEMENTARY SCHOOL,14850 N 39TH AVE,PHOENIX,MARICOPA,85053,NO,PUBLIC,84,79,5,84,7,0,2
IRONWOOD ELEMENTARY SCHOOL,3300 W FREER DR,TUCSON,PIMA,85742,NO,PUBLIC,93,89,4,93,4,0,4
IRVING ELEMENTARY SCHOOL,3220 E PUEBLO AVE,MESA,MARICOPA,85204,YES,PUBLIC,75,74,1,75,3,0,1
ISAAC E IMES SCHOOL,6625 N 56TH AVE,GLENDALE,MARICOPA,85301,YES,PUBLIC,60,60,0,60,1,0,0
ISAAC MIDDLE SCHOOL,3402 W MCDOWELL RD,PHOENIX,MARICOPA,85009,NO,PUBLIC,267,263,0,263,0,0,0
ISHIKAWA ELEMENTARY SCHOOL,2635 N 32ND ST,MESA,MARICOPA,85213,YES,PUBLIC,133,131,2,133,9,0,0
ISLANDS ELEMENTARY SCHOOL,245 S MCQUEEN RD,GILBERT,MARICOPA,85233,YES,PUBLIC,76,75,1,76,3,0,1
J  ROBERT HENDRICKS ELEMENTARY SCHOOL,3400 W ORANGE GROVE RD,TUCSON,PIMA,85741,NO,PUBLIC,64,64,0,64,2,0,2
J.C.U.S.D. - JOSEPH CITY PRESCHOOL,8176 WESTOVER AVENUE,JOSEPH CITY,NAVAJO,86032,NO,PUBLIC,33,28,5,33,12,12,5
JACK HARMON ELEMENTARY,39315 N CORTONA DR,QUEEN CREEK,PINAL,85240,NO,PUBLIC,93,85,8,93,8,0,8
JACK L KUBAN ELEMENTARY SCHOOL,3201 W SHERMAN ST,PHOENIX,MARICOPA,85009,YES,PUBLIC,42,42,0,42,0,0,0
JAMAICA ELEMENTARY SCHOOL,3427 JAMAICA BLVD,LAKE HAVASU CITY,MOHAVE,86406,YES,PUBLIC,71,68,3,71,9,0,2
JAMES KENDALL ZAHARIS ELEMENTARY,9410 E MCKELLIPS RD,MESA,MARICOPA,85207,YES,PUBLIC,127,119,8,127,12,0,5
JANE D. HULL ELEMENTARY,2424 E MAREN DR,CHANDLER,MARICOPA,85249,NO,PUBLIC,118,111,7,118,25,0,6
JEFFERSON ELEMENTARY SCHOOL,120 S JEFFERSON AVE,MESA,MARICOPA,85208,NO,PUBLIC,78,77,1,78,1,0,1
JOHN & CAROL CARLSON ELEMENTARY,5400 S WHITE DR,CHANDLER,MARICOPA,85249,NO,PUBLIC,102,96,6,102,11,0,3
JOHN F KENNEDY SCHOOL,1500 SUNSET DR,SUPERIOR,PINAL,85173,NO,PUBLIC,24,24,0,24,0,0,0
JOHN JACOBS ELEMENTARY SCHOOL,14421 N 23RD AVE,PHOENIX,MARICOPA,85023,NO,PUBLIC,82,82,0,82,3,0,0
JOHN M ANDERSEN JR HIGH SCHOOL,1255 N DOBSON RD,CHANDLER,MARICOPA,85224,NO,PUBLIC,138,132,6,138,9,1,3
JOHN R DAVIS SCHOOL,6209 S 15TH AVE,PHOENIX,MARICOPA,85041,YES,PUBLIC,35,34,1,35,1,0,1
JOHNSON ELEMENTARY SCHOOL,3807 E PUEBLO,MESA,MARICOPA,85206,YES,PUBLIC,79,75,4,79,6,0,4
JOSEPH CITY ELEMENTARY SCHOOL,8176 N WESTOVER ST,JOSEPH CITY,NAVAJO,86032,NO,PUBLIC,33,28,5,33,12,12,5
JOY CHRISTIAN SCHOOL,21000 N 75TH AVE,GLENDALE,MARICOPA,85308,YES,PRIVATE,41,37,4,41,4,0,4
KACHINA ELEMENTARY SCHOOL,5304 W CROCUS DR,GLENDALE,MARICOPA,85306,YES,PUBLIC,52,51,1,52,1,0,1
KATHRYN SUE SIMONTON ELEMENTARY,40300 N SIMONTON BLVD,QUEEN CREEK,PINAL,85140,NO,PUBLIC,72,71,1,72,3,0,1
KAYENTA COMMUNITY SCHOOL,NA,KAYENTA,NAVAJO,   NA,NO,PRIVATE,36,35,0,36,0,0,0
KELLER ELEMENTARY SCHOOL,1445 E HILTON AVE,MESA,MARICOPA,85204,YES,PUBLIC,66,65,1,66,4,4,0
KENILWORTH ELEMENTARY SCHOOL,1210 N 5TH AVE,PHOENIX,MARICOPA,85003,NO,PUBLIC,61,61,0,61,1,0,0
KERR ELEMENTARY SCHOOL,125 E MCLELLAN RD,MESA,MARICOPA,85201,YES,PUBLIC,87,86,0,86,2,0,0
KEYSTONE MONTESSORI CHARTER SCHOOL,1025 E LIBERTY LN,PHOENIX,MARICOPA,85048,NO,CHARTER,22,19,3,22,5,0,3
KHALSA MONTESSORI SCHOOL,3701 EAST RIVER ROAD,TUCSON,PIMA,85718,NO,CHARTER,27,25,0,25,5,0,2
KIN DAH LICHI'I OLTA,2 MILES N OF MP 452 ON HWY 2,KIN-LI-CHEE,APACHE,86505,NO,PRIVATE,22,22,0,22,0,0,0
KINDERTOTS,1118 WEST GLENDALE AVENUE,PHOENIX,MARICOPA,85021,NO,PRIVATE,23,14,9,23,12,0,4
KINGMAN ACADEMY OF LEARNING - MIDDLE SCHOOL,3269 N HARRISON ST,KINGMAN,MOHAVE,   NA,NO,CHARTER,112,104,8,112,13,0,6
KINGMAN MIDDLE SCHOOL,1969 DETROIT AVE,KINGMAN,MOHAVE,86401,NO,PUBLIC,235,214,21,235,30,2,0
KINGS RIDGE PREPARATORY ACADEMY,3650 S 64TH LN,PHOENIX,MARICOPA,85043,YES,PUBLIC,105,104,1,105,2,0,1
KINGSWOOD ELEMENTARY SCHOOL,15150 W MONDELL RD,SURPRISE,MARICOPA,85374,YES,PUBLIC,64,61,2,63,5,0,2
KNOX ELEMENTARY SCHOOL,700 W ORCHID LN,CHANDLER,MARICOPA,85225,NO,PUBLIC,105,102,3,105,10,0,3
KYRENE AKIMEL A-AL MIDDLE SCHOOL,2720 E LIBERTY LN,PHOENIX,MARICOPA,85048,YES,PUBLIC,340,329,11,340,16,0,6
KYRENE ALTADENA MIDDLE SCHOOL,14620 S DESERT FOOTHILLS PKWY,PHOENIX,MARICOPA,85048,NO,PUBLIC,338,327,10,337,24,0,3
KYRENE APRENDE MIDDLE SCHOOL,777 N DESERT BREEZE BLVD EAST,CHANDLER,MARICOPA,85226,NO,PUBLIC,364,352,6,358,12,0,4
KYRENE CENTENNIAL MIDDLE SCHOOL,13808 S 36TH ST,PHOENIX,MARICOPA,85044,NO,PUBLIC,322,315,7,322,9,9,4
KYRENE DEL PUEBLO MIDDLE SCHOOL,360 S TWELVE OAKS BLVD,CHANDLER,MARICOPA,85226,NO,PUBLIC,291,284,7,291,12,0,2
KYRENE DEL SURENO SCHOOL,3375 W GALVESTON RD,CHANDLER,MARICOPA,85226,NO,PUBLIC,57,50,7,57,7,2,7
KYRENE MIDDLE SCHOOL,1050 E CARVER RD,TEMPE,MARICOPA,85284,NO,PUBLIC,327,314,13,327,13,0,13
L THOMAS HECK MIDDLE SCHOOL,12448 W BETHANY HOME RD,LITCHFIELD PARK,MARICOPA,85340,YES,PUBLIC,259,255,1,256,1,0,1
L.H.U.S.D. #1 - DEVELOPMENTAL PRESCHOOL,2395 SMOKETREE AVENUE,LAKE HAVASU CITY,MOHAVE,86403,YES,PUBLIC,69,67,2,69,2,0,0
LA CIMA MIDDLE SCHOOL,5600 N LA CANADA RD,TUCSON,PIMA,85704,YES,PUBLIC,163,159,3,162,4,3,3
LA PALOMA ACADEMY - LAKESIDE,8140 E GOLF LINKS ROAD,TUCSON,PIMA,85730,NO,CHARTER,83,81,1,83,1,0,1
LA PALOMA ACADEMY SOUTH,5660 S 12TH AVE,TUCSON,PIMA,85706,NO,CHARTER,44,44,0,44,0,0,0
LAFE NELSON SCHOOL,1100 10TH AVE,SAFFORD,GRAHAM,85546,YES,PUBLIC,78,75,3,78,6,0,3
LAGUNA ELEMENTARY SCHOOL,5001 N SHANNON RD,TUCSON,PIMA,85705,NO,PUBLIC,52,52,0,52,0,1,0
LAIRD ELEMENTARY SCHOOL,1500 N SCOVEL ST,TEMPE,MARICOPA,85281,YES,PUBLIC,53,51,2,53,2,0,2
LAKE PLEASANT ELEMENTARY,31501 N WESTLAND RD,PEORIA,MARICOPA,85383,YES,PUBLIC,73,71,2,73,2,0,2
LAKE VALLEY ELEMENTARY SCHOOL,3900 N STARLIGHT DR,PRESCOTT VALLEY,YAVAPAI,86314,YES,PUBLIC,75,72,3,75,5,0,1
LAKEVIEW ELEMENTARY SCHOOL,3040 W YUCCA ST,PHOENIX,MARICOPA,85029,NO,PUBLIC,83,82,0,83,3,0,0
LARKSPUR ELEMENTARY SCHOOL,2430 E LARKSPUR DR,PHOENIX,MARICOPA,85032,YES,PUBLIC,88,87,1,88,1,0,1
LARRY C KENNEDY SCHOOL,2702 E OSBORN RD,PHOENIX,MARICOPA,85016,YES,PUBLIC,60,59,0,60,0,0,0
LAS BRISAS ACADEMY,18211 W LAS BRISAS DR,GOODYEAR,MARICOPA,85338,NO,PUBLIC,47,46,1,47,6,6,6
LAS BRISAS ELEMENTARY SCHOOL,5805 W ALAMEDA,GLENDALE,MARICOPA,85310,NO,PUBLIC,134,128,6,134,11,0,5
LAS SENDAS ELEMENTARY SCHOOL,3120 N RED MOUNTAIN RD,MESA,MARICOPA,85207,YES,PUBLIC,155,151,4,155,15,1,2
LAVEEN ELEMENTARY SCHOOL,4141 W MCNEIL STREET,LAVEEN,MARICOPA,85339,NO,PUBLIC,89,87,2,89,3,0,2
LAWRENCE W CROSS MIDDLE SCHOOL,1000 W CHAPALA DR,TUCSON,PIMA,85704,YES,PUBLIC,197,190,7,197,5,12,3
LE PERA ELEMENTARY SCHOOL,TAHBO RD AND MOHAVE RD,PARKER,LA PAZ,85371,NO,PUBLIC,30,30,0,30,0,0,0
LEADING EDGE ACADEMY - GILBERT ELEMENTARY CAMPUS,717 W RAY RD,GILBERT,MARICOPA,85233,NO,CHARTER,42,35,7,42,8,0,6
LEADING EDGE ACADEMY - MARICOPA CAMPUS,19302 N PORTER RD,MARICOPA,PINAL,85238,NO,CHARTER,77,74,3,77,6,0,3
LEADING EDGE ACADEMY - MOUNTAIN VIEW CAMPUS,4815 W HUNT HWY,QUEEN CREEK,PINAL,85142,NO,CHARTER,30,26,4,30,5,0,4
LEARNING FOUNDATION AND PERFORMING ARTS ALTA MESA,5761 E BROWN RD,MESA,MARICOPA,85205,NO,CHARTER,25,22,2,24,3,0,2
LEARNING FOUNDATION AND PERFORMING ARTS STAPLEY,851 N STAPLEY DR,MESA,MARICOPA,85203,NO,CHARTER,28,27,1,28,5,0,1
LEARNING FOUNDATION AND PERFORMING ARTS WARNER,3939 E WARNER RD,GILBERT,MARICOPA,85296,NO,CHARTER,75,67,8,75,15,0,7
LEE KORNEGAY INTERMEIDATE SCHOOL,PO BOX 2070,MIAMI,GILA,85539,NO,PUBLIC,72,60,1,72,1,0,1
LEGACY TRADITIONAL CHARTER SCHOOL - GILBERT,2747 S RECKER RD,GILBERT,MARICOPA,85295,YES,CHARTER,114,109,5,114,23,0,0
LEGACY TRADITIONAL CHARTER SCHOOL - LAVEEN VILLAGE,7900 S 43RD AVE,LAVEEN,MARICOPA,85339,YES,CHARTER,128,105,3,108,4,0,0
LEGACY TRADITIONAL SCHOOL - AVONDALE,12320 W VAN BUREN ST,AVONDALE,MARICOPA,85323,NO,CHARTER,151,147,4,151,4,0,3
LEGACY TRADITIONAL SCHOOL - CASA GRANDE,1274 E O'NEIL DR,CASA GRANDE,PINAL,85138,NO,CHARTER,146,141,5,146,16,0,5
LEGACY TRADITIONAL SCHOOL - GLENDALE,13091 N 67TH AVE,GLENDALE,MARICOPA,85306,YES,PUBLIC,117,108,7,115,14,1,7
LEGACY TRADITIONAL SCHOOL - MARICOPA,17760 REGENT DR,MARICOPA,PINAL,85138,NO,CHARTER,128,126,2,128,10,0,2
LEGACY TRADITIONAL SCHOOL - NORTH CHANDLER,1900 N MCQUEEN RD,CHANDLER,MARICOPA,85225,NO,CHARTER,65,61,4,65,7,7,4
LEGACY TRADITIONAL SCHOOL - NORTHWEST TUCSON,3500 W CORTARO FARMS RD,TUCSON,PIMA,85742,NO,CHARTER,123,119,4,123,21,4,7
LEGACY TRADITIONAL SCHOOL SURPRISE,14506 W SWEETWATER AVE,SURPRISE,MARICOPA,85379,NO,CHARTER,219,211,8,219,26,0,6
LEGACY TRADITIONAL SCHOOL-QUEEN CREEK,41800 N. BARNES PKWY,QUEEN CREEK,PINAL,85140,NO,CHARTER,111,98,13,111,4,0,8
LEGEND SPRINGS ELEMENTARY,21150 N ARROWHEAD LOOP,GLENDALE,MARICOPA,85308,NO,PUBLIC,88,85,3,88,6,0,1
LEHI ELEMENTARY SCHOOL,2555 N STAPLEY DR,MESA,MARICOPA,85203,YES,PUBLIC,60,60,0,60,1,0,1
LEMAN ACADEMY OF EXCELLENCE - MARANA,"7720 N SILVERBELL RD, BLDG 1 & 2",TUCSON,PIMA,85743,YES,CHARTER,107,103,4,107,9,3,3
LEMAN ACADEMY OF EXCELLENCE - ORO VALLEY,12255 N LA CAÑADA DRIVE,ORO VALLEY,PIMA,85755,YES,CHARTER,74,74,0,74,3,0,0
LEMAN ACADEMY OF EXCELLENCE - SIERRA VISTA,1000 E. WILCOX DR,SIERRA VISTA,COCHISE,85635,NO,CHARTER,28,27,1,28,1,0,1
LIBERTY ARTS ACADEMY,3015 S POWER RD,MESA,MARICOPA,85212,NO,CHARTER,21,20,1,21,3,1,1
LIBERTY ELEMENTARY SCHOOL,19818 W HWY 85,BUCKEYE,MARICOPA,85326,YES,PUBLIC,60,59,1,60,3,1,1
LIBERTY ELEMENTARY SCHOOL,5125 E MARILYN RD,SCOTTSDALE,MARICOPA,85254,YES,PUBLIC,75,74,1,75,2,0,2
LIBERTY ELEMENTARY SCHOOL,5495 S LIBERTY AVE,TUCSON,PIMA,85706,YES,PUBLIC,96,96,0,96,0,0,0
LIBERTY TRADITIONAL CHARTER SCHOOL,4901 W INDIAN SCHOOL RD,PHOENIX,MARICOPA,85031,NO,CHARTER,52,52,0,52,0,0,0
LIBERTY TRADITIONAL SCHOOL,3300 N LAKE VALLEY RD,PRESCOTT VALLEY,YAVAPAI,86314,YES,PUBLIC,77,72,5,77,10,0,4
LINCOLN ELEMENTARY SCHOOL,930 S SIRRINE,MESA,MARICOPA,85210,YES,PUBLIC,129,129,0,129,2,1,0
LINDBERGH ELEMENTARY SCHOOL,930 S LAZONA DR,MESA,MARICOPA,85204,YES,PUBLIC,49,49,0,49,1,0,0
LITTLE RED SCHOOLHOUSE,HWY 82 & DUQUESNE RD,NOGALES,SANTA CRUZ,85621,NO,PUBLIC,27,27,0,27,0,0,0
LOMA LINDA ELEMENTARY SCHOOL,2002 E CLARENDON AVE,PHOENIX,MARICOPA,85016,YES,PUBLIC,67,67,0,67,0,0,0
LONE MOUNTAIN ELEMENTARY SCHOOL,5250 E MONTGOMERY RD,CAVE CREEK,MARICOPA,85331,NO,PUBLIC,96,89,6,95,13,5,3
LONGFELLOW ELEMENTARY SCHOOL,345 S HALL ST,MESA,MARICOPA,85204,YES,PUBLIC,78,78,0,78,1,0,0
LONGVIEW ELEMENTARY SCHOOL,1209 E INDIAN SCHOOL RD,PHOENIX,MARICOPA,85014,YES,PUBLIC,92,90,2,92,2,0,2
LOOKOUT MOUNTAIN SCHOOL,15 W CORAL GABLES DR,PHOENIX,MARICOPA,85023,NO,PUBLIC,147,144,3,147,10,0,0
LORETTO CATHOLIC SCHOOL,1200 14TH ST,DOUGLAS,COCHISE,85607,NO,PRIVATE,36,36,0,36,0,0,0
LOS AMIGOS ELEMENTARY SCHOOL,2200 E DREXEL RD,TUCSON,PIMA,85706,YES,PUBLIC,97,97,0,97,0,0,0
LOS NINOS ELEMENTARY SCHOOL,5445 S ALVERNON WAY,TUCSON,PIMA,85706,YES,PUBLIC,63,62,1,63,1,1,1
LOWELL ELEMENTARY SCHOOL,920 E BROADWAY RD,MESA,MARICOPA,85204,YES,PUBLIC,87,86,1,87,1,0,0
LOWELL SCHOOL,1121 S 3RD AVE,PHOENIX,MARICOPA,85003,YES,PUBLIC,56,55,0,55,0,0,0
LUKE ELEMENTARY SCHOOL,7300 N DYSART RD,GLENDALE,MARICOPA,85307,YES,PUBLIC,83,82,1,83,4,1,1
MADISON #1 ELEMENTARY SCHOOL,5525 N 16TH ST,PHOENIX,MARICOPA,85016,YES,PUBLIC,270,257,13,270,13,0,13
MADISON ELEMENTARY SCHOOL,849 S SUNNYVALE,MESA,MARICOPA,85206,YES,PUBLIC,60,55,5,60,6,0,6
MADISON MEADOWS SCHOOL,225 W OCOTILLO RD,PHOENIX,MARICOPA,85013,YES,PUBLIC,204,191,13,204,14,14,13
MADISON PARK SCHOOL,1431 E CAMPBELL AVE,PHOENIX,MARICOPA,   NA,NO,CHARTER,100,100,0,100,2,0,2
MADISON TRADITIONAL ACADEMY,5525 N 16TH ST,PHOENIX,MARICOPA,85014,NO,PUBLIC,97,95,2,97,4,0,0
MAGEE MIDDLE SCHOOL,8300 E SPEEDWAY BLVD,TUCSON,PIMA,85710,YES,PUBLIC,185,183,2,185,7,0,5
MAGMA RANCH K-8 SCHOOL,10980 E DESERT MOUNTAIN BLVD,FLORENCE,PINAL,85232,NO,PUBLIC,90,88,1,89,1,0,1
MAGNET TRADITIONAL SCHOOL,2602 N 23RD AVE,PHOENIX,MARICOPA,85009,YES,PUBLIC,58,58,0,58,0,0,0
MAIE BARTLETT HEARD SCHOOL,2301 W THOMAS RD,PHOENIX,MARICOPA,85015,YES,PUBLIC,87,84,2,86,2,0,2
MANSFELD MIDDLE SCHOOL,1300 E 6TH ST,TUCSON,PIMA,85719,YES,PUBLIC,337,335,2,337,10,2,2
"MANY FARMS COMMUNITY SCHOOL, INC",HWY 191,MANY FARMS,APACHE,86538,NO,PUBLIC,38,38,0,38,0,0,0
MANY FARMS PUBLIC SCHOOL,HWY 191,CHINLE,APACHE,86538,YES,PUBLIC,54,54,0,54,0,0,0
MANZANITA ELEMENTARY SCHOOL,8430 N 39TH AVE,PHOENIX,MARICOPA,85051,NO,PUBLIC,108,106,2,108,3,2,2
MARC T ATKINSON MIDDLE SCHOOL,4315 N MARYVALE PKWY,PHOENIX,MARICOPA,85031,YES,PUBLIC,422,420,1,422,1,0,0
MARICOPA WELLS MIDDLE SCHOOL,45012 W HONEYCUTT AVE,MARICOPA,PINAL,85239,YES,PUBLIC,262,259,3,262,8,0,1
MARILYN THIELE WILSON SCHOOL,5619 E GLADE AVE,MESA,MARICOPA,85206,YES,PUBLIC,87,87,0,87,2,0,0
MARIONNEAUX ELEMENTARY SCHOOL,21455 W ROESER RD,BUCKEYE,MARICOPA,85326,YES,PUBLIC,88,84,4,88,13,0,4
MARJORIE W ESTES ELEMENTARY SCHOOL,11280 W GRIER RD,MARANA,PIMA,85658,YES,PUBLIC,64,63,1,64,4,0,0
MARLEY PARK ELEMENTARY,15042 W SWEETWATER AVE,SURPRISE,MARICOPA,85379,YES,PUBLIC,144,136,5,141,13,3,2
MARSHALL HUMPHREY II ELEMENTARY SCHOOL,125 S 132ND ST,CHANDLER,MARICOPA,85225,NO,PUBLIC,92,89,3,92,7,1,0
MARSHALL RANCH ELEMENTARY SCHOOL,12995 N MARSHALL RANCH DR,GLENDALE,MARICOPA,85304,YES,PUBLIC,84,83,1,84,2,0,0
MARY BELLE MCCORKLE,4455 S MISSION RD,TUCSON,PIMA,85746,YES,PUBLIC,117,117,0,117,0,0,0
MARYLAND ELEMENTARY SCHOOL,6503 N 21ST AVE,PHOENIX,MARICOPA,85015,NO,PUBLIC,83,82,1,83,1,0,1
MARYVALE PREPARATORY ACADEMY,6301 W INDIAN SCHOOL RD,PHOENIX,MARICOPA,85033,NO,CHARTER,52,52,0,52,2,0,0
MATH AND SCIENCE SUCCESS ACADEMY,434 W LERDO RD,TUCSON,PIMA,85756,NO,CHARTER,62,62,0,62,1,0,0
MAURICE C CASH SCHOOL,3851 W ROESER RD,PHOENIX,MARICOPA,85041,NO,PUBLIC,99,99,0,99,3,0,0
MAXINE O BUSH ELEMENTARY SCHOOL,602 E SIESTA WAY,PHOENIX,MARICOPA,85042,YES,PUBLIC,54,54,0,54,1,0,0
MAYER ELEMENTARY SCHOOL,12568 E MAIN ST,MAYER,YAVAPAI,86333,NO,PUBLIC,41,37,4,41,6,0,4
MELVIN E SINE SCHOOL,4932 W MYRTLE AVE,GLENDALE,MARICOPA,85301,YES,PUBLIC,81,81,0,81,1,0,0
MENDOZA ELEMENTARY SCHOOL,5831 E MCLELLAN RD,MESA,MARICOPA,85205,YES,PUBLIC,83,80,3,83,9,9,1
MERCURY MINE ELEMENTARY SCHOOL,9640 N 28TH ST,PHOENIX,MARICOPA,85028,YES,PUBLIC,74,68,6,74,7,0,5
MERIDIAN ELEMENTARY,3900 S MOUNTAIN RD,MESA,MARICOPA,85212,YES,PUBLIC,130,122,8,130,10,2,4
MESA ACADEMY FOR ADVANCED STUDIES,6919 E BROWN RD,MESA,MARICOPA,85207,YES,PUBLIC,89,85,4,89,6,0,3
MESA ARTS ACADEMY,221 W SIXTH AVE,MESA,MARICOPA,85210,NO,CHARTER,27,24,0,24,0,0,0
MESA VIEW ELEMENTARY,HWY 191 & NAVAJO ROUTE 7,CHINLE,APACHE,86503,NO,PUBLIC,66,66,0,66,0,0,0
MESQUITE ELEMENTARY,4451 W 28TH ST,YUMA,YUMA,85364,NO,PUBLIC,104,104,0,104,0,0,0
MESQUITE ELEMENTARY SCHOOL,1101 E MESQUITE ST,GILBERT,MARICOPA,85296,YES,PUBLIC,96,93,3,96,6,0,1
MEXICAYOTL CHARTER SCHOOL,2059 N GRAND AVE,NOGALES,SANTA CRUZ,85621,NO,CHARTER,21,21,0,21,0,0,0
MICHAEL ANDERSON SCHOOL,45 S 3RD AVE,AVONDALE,MARICOPA,85323,YES,PUBLIC,118,118,0,118,1,0,1
MILES-EXPLORATORY LEARNING CENTER,1400 E BROADWAY BLVD,TUCSON,PIMA,85719,YES,PUBLIC,37,37,0,37,2,2,1
MINGUS SPRINGS CHARTER SCHOOL,3600 N SUNSET DR,CHINO VALLEY,YAVAPAI,86323,NO,CHARTER,22,20,2,22,6,6,2
MIRAGE ELEMENTARY SCHOOL,3910 W GROVERS AVE,GLENDALE,MARICOPA,85308,YES,PUBLIC,54,53,0,53,4,0,3
MISSION MANOR ELEMENTARY SCHOOL,600 W SANTA ROSA ST,TUCSON,PIMA,85706,YES,PUBLIC,100,100,0,100,0,0,0
MISSION MONTESSORI NORTH,9575 EAST LARKSPUR DRIVE,SCOTTSDALE,MARICOPA,85260,NO,CHARTER,34,27,4,34,4,0,4
MOHAVE ACCELERATED LEARNING CENTER,625 MARINA BLVD,BULLHEAD CITY,MOHAVE,86442,NO,CHARTER,85,85,0,85,0,0,0
MOHAVE MIDDLE SCHOOL,5520 N 86TH ST,SCOTTSDALE,MARICOPA,85250,YES,PUBLIC,285,275,10,285,23,2,9
MOHAVE VALLEY JUNIOR HIGH SCHOOL,6565 GIRARD AVE,MOHAVE VALLEY,MOHAVE,   NA,NO,PUBLIC,102,100,1,101,1,1,1
MONTE VISTA ELEMENTARY SCHOOL,3501 E OSBORN RD,PHOENIX,MARICOPA,85018,YES,PUBLIC,92,92,0,92,0,1,0
MONTEBELLO SCHOOL,5725 N 27TH AVE,PHOENIX,MARICOPA,85017,YES,PUBLIC,169,169,0,169,1,4,0
MONTESSORI DAY PUBLIC SCHOOLS  - MOUNTAINSIDE,9215 N 14TH ST,PHOENIX,MARICOPA,85020,NO,CHARTER,24,24,0,24,4,0,0
MOON MOUNTAIN SCHOOL,13425 N 19TH AVE,PHOENIX,MARICOPA,85029,NO,PUBLIC,92,88,4,92,7,0,3
MORGAN MAXWELL SCHOOL,2802 W ANKLAM RD,TUCSON,PIMA,85745,YES,PUBLIC,46,46,0,46,0,1,0
MORRIS K. UDALL ESCUELA DE BELLAS ARTES,3715 W ROOSEVELT ST,PHOENIX,MARICOPA,85009,YES,PUBLIC,252,251,1,252,1,0,1
MOST HOLY TRINITY CATHOLIC SCHOOL,535 E ALICE AVE,PHOENIX,MARICOPA,85020,YES,PRIVATE,27,26,1,27,1,0,1
MOUNT ELDEN MIDDLE SCHOOL,3323 N 4TH ST,FLAGSTAFF,COCONINO,86004,YES,PUBLIC,286,276,10,286,13,3,12
MOUNTAIN OAK CHARTER SCHOOL,1455 WILLOW CREEK RD,PRESCOTT,YAVAPAI,86301,NO,CHARTER,22,13,6,19,6,0,6
MOUNTAIN SHADOWS ELEMENTARY SCHOOL,19602 N 45TH AVE,GLENDALE,MARICOPA,85308,NO,PUBLIC,63,59,4,63,8,0,2
MOUNTAIN VIEW ELEMENTARY SCHOOL,8601 E LOOS DR,PRESCOTT VALLEY,YAVAPAI,86314,YES,PUBLIC,67,64,3,67,3,0,1
MOUNTAIN VIEW ELEMENTARY SCHOOL,801 W PEORIA AVE,PHOENIX,MARICOPA,85029,NO,PUBLIC,141,139,2,141,3,0,0
MOUNTAIN VIEW PREPARATORY,1500 S MONTE TESORO DR,COTTONWOOD,YAVAPAI,86326,YES,PUBLIC,76,64,12,76,17,1,11
MOUNTAIN VIEW SCHOOL,18302 W BURTON AVE,WADDELL,MARICOPA,85355,NO,PUBLIC,107,107,0,107,6,0,0
MOUNTAIN VISTA SCHOOL,2618 EL PASEO,ORACLE,PINAL,85623,NO,PRIVATE,26,26,0,26,0,0,0
MOUNTAINSIDE MIDDLE SCHOOL,11256 N 128TH ST,SCOTTSDALE,MARICOPA,85259,YES,PUBLIC,209,204,5,209,14,1,5
NACO ELEMENTARY SCHOOL,1911 W VALENZUELA ST,NACO,COCHISE,   NA,NO,PUBLIC,35,33,0,35,0,0,0
NADABURG ELEMENTARY SCHOOL,21419 W DOVE VALLEY RD,WITTMANN,MARICOPA,85361,NO,PUBLIC,30,26,4,30,4,0,0
NAUTILUS ELEMENTARY SCHOOL,1425 PATRICIAN DR,LAKE HAVASU CITY,MOHAVE,86404,YES,PUBLIC,51,49,2,51,3,0,2
NAVARRETE ELEMENTARY,6490 SOUTH SUN GROVES BOULEVARD,CHANDLER,MARICOPA,85249,NO,PUBLIC,126,124,2,126,12,1,1
NAYLOR MIDDLE SCHOOL,1701 S COLUMBUS BLVD,TUCSON,PIMA,85711,YES,PUBLIC,107,107,0,107,1,0,1
NEELY TRADITIONAL ACADEMY,321 W JUNIPER AVE,GILBERT,MARICOPA,85233,NO,PUBLIC,100,98,2,100,8,0,1
NEW RIVER ELEMENTARY SCHOOL,48827 N BLACK CANYON HWY,PHOENIX,MARICOPA,85087,YES,PUBLIC,29,28,1,29,2,0,2
NEW WAY ACADEMY,5048 E OAK ST,PHOENIX,MARICOPA,85008,NO,PRIVATE,36,29,4,33,4,0,3
NEW WORLD EDUCATIONAL CENTER,5818 N 7TH ST,PHOENIX,MARICOPA,85014,NO,CHARTER,32,31,1,32,1,0,1
NEWELL BARNEY MIDDLE SCHOOL,24937 S SOSSAMAN RD,QUEEN CREEK,MARICOPA,85242,YES,PUBLIC,241,229,12,241,9,0,8
NOAH WEBSTER SCHOOLS-- MESA,7301 EAST BASELINE ROAD,MESA,MARICOPA,85209,NO,CHARTER,124,119,5,124,12,0,3
NOAH WEBSTER SCHOOLS-PIMA,5399 N PIMA RD,SCOTTSDALE,MARICOPA,85250,NO,CHARTER,32,32,0,32,4,0,0
NORTERRA CANYON K-8,2200 W MAYA WAY,PHOENIX,MARICOPA,85085,YES,PUBLIC,104,97,7,104,10,0,10
NORTH RANCH ELEMENTARY SCHOOL,16406 N 61ST PL,SCOTTSDALE,MARICOPA,85254,YES,PUBLIC,70,66,4,70,3,0,3
NORTHLAND PREPARATORY ACADEMY,3300 E SPARROW AVE,FLAGSTAFF,COCONINO,86004,NO,CHARTER,102,98,4,102,11,2,3
NORTHWEST CHRISTIAN SCHOOL - MAIN CAMPUS,16615 N 43RD AVE,PHOENIX,MARICOPA,   NA,YES,PRIVATE,104,94,10,104,19,1,6
OAK CREEK SCHOOL,11490 PURPLE SAGE DR,CORNVILLE,YAVAPAI,86325,NO,PUBLIC,26,26,0,26,2,0,0
OASIS ELEMENTARY SCHOOL,7841 W SWEETWATER AVE,PEORIA,MARICOPA,85381,YES,PUBLIC,92,90,2,92,6,0,0
OCOTILLO SCHOOL,3225 W OCOTILLO RD,PHOENIX,MARICOPA,85017,NO,PUBLIC,105,104,1,105,2,0,0
OLD VAIL MIDDLE SCHOOL,13299 E COLOSSAL CAVE RD,VAIL,PIMA,85641,NO,PUBLIC,257,248,9,257,9,2,7
ORANGE GROVE MIDDLE SCHOOL,1911 E ORANGE GROVE RD,TUCSON,PIMA,85718,YES,PUBLIC,231,226,5,231,13,6,4
ORANGEWOOD ELEMENTARY SCHOOL,7337 N 19TH AVE,PHOENIX,MARICOPA,85021,NO,PUBLIC,134,133,1,134,3,2,1
ORO GRANDE ELEMENTARY SCHOOL,1250 PAWNEE DR,LAKE HAVASU CITY,MOHAVE,86406,NO,PUBLIC,50,49,1,50,2,0,1
OUR LADY OF LOURDES ACADEMY,555 PATAGONIA RD,NOGALES,SANTA CRUZ,   NA,NO,PRIVATE,30,30,0,30,0,0,0
OUR LADY OF MOUNT CARMEL SCHOOL,2117 S RURAL RD,TEMPE,MARICOPA,85282,YES,PRIVATE,38,38,0,38,1,0,0
OUR LADY OF PERPETUAL HELP SCHOOL,5614 W ORANGEWOOD AVE,GLENDALE,MARICOPA,85301,NO,PRIVATE,27,27,0,27,0,0,0
OUR LADY OF PERPETUAL HELP SCHOOL,3801 N MILLER RD,SCOTTSDALE,MARICOPA,85251,NO,PRIVATE,50,46,4,50,4,0,4
OUR MOTHER OF SORROWS SCHOOL,1800 S KOLB RD,TUCSON,PIMA,85710,NO,PRIVATE,47,46,1,47,1,0,1
P.E.S.D.#1 - SHAW MONTESSORI SCHOOL,123 NORTH 13TH STREET,PHOENIX,MARICOPA,85034,YES,PUBLIC,25,21,4,25,6,0,2
PAINTED DESERT MONTESSORI,4200 S 247TH AVE,BUCKEYE,MARICOPA,85326,NO,CHARTER,49,40,5,45,5,0,5
PALOMINAS ELEMENTARY SCHOOL,10385 E HWY 92,HEREFORD,COCHISE,85615,YES,PUBLIC,66,66,0,66,3,0,0
PALOMINO INTERMEDIATE SCHOOL,15815 N 29TH ST,PHOENIX,MARICOPA,85032,YES,PUBLIC,163,159,1,160,1,1,1
PAN-AMERICAN ELEMENTARY CHARTER SCHOOL,3001 W INDIAN SCHOOL RD,PHOENIX,MARICOPA,85017,NO,CHARTER,72,70,0,72,0,0,0
PAPAGO SCHOOL,2013 N 36TH ST,PHOENIX,MARICOPA,85008,YES,PUBLIC,96,96,0,96,1,0,1
PARADISE HONORS ELEMENTARY SCHOOL,15533 W PARADISE LN,SURPRISE,MARICOPA,85374,YES,CHARTER,213,202,11,213,20,0,20
PARADISE VALLEY CHRISTIAN PREPARATORY,11875 N 24TH ST,PHOENIX,MARICOPA,85028,YES,PRIVATE,22,20,2,22,2,0,2
PARAGON SCIENCE ACADEMY,2975 W LINDA LN,CHANDLER,MARICOPA,85224,NO,CHARTER,46,46,0,46,0,0,0
PARAMOUNT ACADEMY,11039 W OLIVE AVE,PEORIA,MARICOPA,85345,NO,CHARTER,34,34,0,34,2,2,0
PARDES JEWISH DAY SCHOOL,12753 N SCOTTSDALE RD,SCOTTSDALE,MARICOPA,85254,YES,PRIVATE,30,27,3,30,3,0,1
PARK MEADOWS ELEMENTARY SCHOOL,20012 N 35TH AVE,GLENDALE,MARICOPA,85308,YES,PUBLIC,88,87,1,88,4,1,1
PARKRIDGE ELEMENTARY,9970 W BEARDSLEY RD,PEORIA,MARICOPA,85382,YES,PUBLIC,119,117,2,119,7,0,2
PARKVIEW ELEMENTARY,15800 N PARKVIEW PL,SURPRISE,MARICOPA,85374,YES,PUBLIC,81,80,0,80,3,0,1
PASEO HILLS ELEMENTARY,3302 W LOUISE DR,PHOENIX,MARICOPA,85027,YES,PUBLIC,109,107,2,109,9,0,1
PASEO POINTE SCHOOL,8800 S 55TH AVE,LAVEEN,MARICOPA,85339,NO,PUBLIC,89,88,1,89,3,0,1
PASEO VERDE ELEMENTARY SCHOOL,7880 W GREENWAY RD,PEORIA,MARICOPA,85381,YES,PUBLIC,92,89,3,92,6,0,3
PATHFINDER ACADEMY,2906 N BOULDER CANYON,MESA,MARICOPA,85207,NO,CHARTER,45,30,15,45,22,0,15
PATTERSON ELEMENTARY SCHOOL,1211 E GUADALUPE RD,GILBERT,MARICOPA,85234,YES,PUBLIC,78,74,4,78,3,4,2
PAUL DUNBAR LAWRENCE SCHOOL,707 W GRANT ST,PHOENIX,MARICOPA,85007,YES,PUBLIC,43,43,0,43,0,0,0
PAUL H HUBER JR HIGH SCHOOL,1650 WASHINGTON AVE,DOUGLAS,COCHISE,85607,YES,PUBLIC,162,162,0,162,1,0,0
PAULO FREIRE FREEDOM SCHOOL,300 E UNIVERSITY BLVD,TUCSON,PIMA,85705,NO,CHARTER,25,22,2,24,4,1,2
PAULO FREIRE FREEDOM SCHOOL - DOWNTOWN,47 E PENNINGTON ST,TUCSON,PIMA,85701,NO,CHARTER,24,21,3,24,5,0,3
PEDRO GUERRERO ELEMENTARY,463 S ALMA SCHOOL RD,MESA,MARICOPA,85210,YES,PUBLIC,90,89,1,90,1,0,0
PENDERGAST ELEMENTARY SCHOOL,3802 N 91ST AVE,PHOENIX,MARICOPA,85037,NO,PUBLIC,114,113,1,114,4,0,1
PEORIA ELEMENTARY SCHOOL,11501 N 79TH AVE,PEORIA,MARICOPA,85345,YES,PUBLIC,65,65,0,65,3,0,0
PEORIA TRADITIONAL SCHOOL,21180 N 87TH AVE,PEORIA,MARICOPA,85382,YES,PUBLIC,25,23,2,25,2,0,0
PERALTA TRAIL ELEMENTARY SCHOOL,10965 E PERALTA RD,GOLD CANYON,PINAL,85118,YES,PUBLIC,90,88,2,90,3,0,2
PERCY L JULIAN SCHOOL,2149 E CARVER DR,PHOENIX,MARICOPA,85040,YES,PUBLIC,70,67,2,69,2,0,2
PHOENIX CHRISTIAN JR/SR HIGH SCHOOL,1751 W INDIAN SCHOOL RD,PHOENIX,MARICOPA,85015,NO,PRIVATE,22,22,0,22,1,0,0
PHOENIX COLLEGIATE ACADEMY CHARTER SCHOOL,5610 S CENTRAL AVE,PHOENIX,MARICOPA,85040,NO,CHARTER,49,45,0,45,0,0,0
PHOENIX COUNTRY DAY SCHOOL,3901 E STANFORD DR,PARADISE VALLEY,MARICOPA,85253,YES,PRIVATE,67,66,1,67,2,0,1
PHOENIX DAY SCHOOL FOR THE DEAF,7654 N 19TH AVE,PHOENIX,MARICOPA,85021,YES,PUBLIC,23,23,0,23,0,0,0
PICACHO SCHOOL,17865 S VAIL RD,PICACHO,PINAL,85141,NO,PUBLIC,22,20,1,21,1,0,1
PICTURE ROCKS ELEMENTARY SCHOOL,5875 N SANDERS RD,TUCSON,PIMA,85743,NO,PUBLIC,92,90,2,92,6,0,1
PIMA ELEMENTARY SCHOOL,101 S MAIN ST,PIMA,GRAHAM,   NA,YES,PUBLIC,79,76,3,79,4,0,1
PIMA PARTNERSHIP ACADEMY,1346 N STONE AVE,TUCSON,PIMA,85705,YES,CHARTER,22,21,0,22,0,0,0
PINE FOREST CHARTER SCHOOL,2257 EAST CEDAR AVENUE,FLAGSTAFF,COCONINO,86004,NO,CHARTER,26,18,6,25,6,0,6
PINNACLE PEAK ELEMENTARY,7690 E WILLIAMS DR,SCOTTSDALE,MARICOPA,85255,NO,PUBLIC,99,97,2,99,10,0,1
PINON MIDDLE SCHOOL,NAVAJO HWY 41,PINON,NAVAJO,86510,YES,PUBLIC,103,103,0,103,0,0,0
PIONEER ELEMENTARY SCHOOL,1535 N GREENFIELD RD,GILBERT,MARICOPA,85234,YES,PUBLIC,85,84,1,85,4,0,1
PIONEER PREPARATORY - A CHALLENGE FOUNDAT,6510 W CLARENDON AVE,PHOENIX,MARICOPA,85033,NO,CHARTER,92,92,0,92,0,0,0
PISTOR MIDDLE SCHOOL,5455 S CARDINAL AVE,TUCSON,PIMA,85746,YES,PUBLIC,263,262,1,263,1,0,1
PLAYA DEL REY ELEMENTARY SCHOOL,550 N HORNE,GILBERT,MARICOPA,85233,YES,PUBLIC,59,59,0,59,1,0,0
POMEROY ELEMENTARY SCHOOL,1507 W SHAWNEE DR,CHANDLER,MARICOPA,85224,YES,PUBLIC,84,82,2,84,3,0,2
PORTER ELEMENTARY SCHOOL,1350 S LINDSAY,MESA,MARICOPA,85204,YES,PUBLIC,82,78,4,82,5,0,5
POWER RANCH ELEMENTARY,4351 S RANCH HOUSE PARKWAY,GILBERT,MARICOPA,85297,NO,PUBLIC,97,94,3,97,29,4,3
PRESCOTT VALLEY SCHOOL,9500 E. LORNA LN,PRESCOTT VALLEY,YAVAPAI,86314,NO,CHARTER,29,28,1,29,12,0,0
PRESIDIO HIGH SCHOOL,1695 E FORT LOWELL RD,TUCSON,PIMA,85719,NO,CHARTER,35,35,0,35,6,0,0
PUEBLO DEL SOL ELEMENTARY SCHOOL,5130 PASEO LAS PALMAS,SIERRA VISTA,COCHISE,85635,YES,PUBLIC,78,77,1,78,4,0,1
PUEBLO DEL SOL MIDDLE SCHOOL,3449 N 39TH AVE,PHOENIX,MARICOPA,85019,YES,PUBLIC,211,210,0,210,2,0,0
PUEBLO ELEMENTARY SCHOOL,2803 W 20TH ST,YUMA,YUMA,85364,NO,PUBLIC,97,96,1,97,3,0,3
PUEBLO GARDENS ELEMENTARY SCHOOL,2210 E 33RD,TUCSON,PIMA,85713,YES,PUBLIC,43,43,0,43,1,1,1
PUSCH RIDGE CHRISTIAN ACADEMY,9500 N ORACLE RD,TUCSON,PIMA,85704,NO,PRIVATE,59,57,1,58,1,0,1
QUAIL RUN ELEMENTARY SCHOOL,3303 E UTOPIA RD,PHOENIX,MARICOPA,85050,YES,PUBLIC,80,75,5,80,8,0,0
QUAIL RUN ELEMENTARY SCHOOL,4600 W CORTARO FARMS RD,TUCSON,PIMA,85742,YES,PUBLIC,70,69,1,70,3,0,1
QUEEN CREEK MIDDLE SCHOOL,20435 S ELLSWORTH RD,QUEEN CREEK,MARICOPA,85142,YES,PUBLIC,249,242,7,249,23,0,4
QUENTIN ELEMENTARY,11050 W WHYMAN AVE,AVONDALE,MARICOPA,85323,YES,PUBLIC,110,109,1,110,1,0,0
R E SIMPSON SCHOOL,5330 N 23RD AVE,PHOENIX,MARICOPA,85015,NO,PUBLIC,174,172,1,174,1,2,1
R PETE WOODARD JR HIGH SCHOOL,2250 S 8TH AVE,YUMA,YUMA,85364,YES,PUBLIC,240,238,2,240,2,0,2
RAINBOW VALLEY ELEMENTARY SCHOOL,19716 W NARRAMORE RD,BUCKEYE,MARICOPA,85326,NO,PUBLIC,47,46,1,47,1,0,1
RALPH WALDO EMERSON ELEMENTARY SCHOOL,915 E PALM LN,PHOENIX,MARICOPA,85006,YES,PUBLIC,50,50,0,50,1,0,0
RANCH ELEMENTARY SCHOOL,43521 N KENWORTHY RD,QUEEN CREEK,PINAL,85140,NO,PUBLIC,70,69,1,70,5,0,0
RANCHO GABRIELA ELEMENTARY,15272 W GABRIELA DR,SURPRISE,MARICOPA,85379,YES,PUBLIC,101,99,2,101,6,0,6
RANCHO SOLANO PREPARATORY SCHOOL - VENTURA,9180 E VIA DE VENTURA,SCOTTSDALE,MARICOPA,85258,YES,PRIVATE,46,45,1,46,1,0,1
RANCHO VIEJO ELEMENTARY SCHOOL,1020 S AVENUE C,YUMA,YUMA,85364,YES,PUBLIC,130,130,0,130,1,0,0
RATTLESNAKE RIDGE ELEMENTARY,8500 N CONTINENTAL LOOP DR,TUCSON,PIMA,85743,YES,PUBLIC,79,73,4,77,7,2,4
RAUL H CASTRO MIDDLE SCHOOL,2730 N 79TH AVE,PHOENIX,MARICOPA,85035,NO,PUBLIC,293,292,1,293,4,0,1
RAY BORANE MIDDLE SCHOOL,840 E 12TH ST,DOUGLAS,COCHISE,85607,YES,PUBLIC,124,121,1,122,0,0,1
RAY ELEMENTARY SCHOOL,675 SENATOR CHASTAIN DR,KEARNY,PINAL,85237,YES,PUBLIC,29,29,0,29,1,0,0
RED MESA ELEMENTARY SCHOOL,MP448 HWY 160 13 M E OF 264,TEEC NOS POS,APACHE,   NA,NO,PUBLIC,35,35,0,35,0,0,0
RED MOUNTAIN RANCH ELEMENTARY,6650 E RAFTRIVER RD,MESA,MARICOPA,85215,YES,PUBLIC,86,81,5,86,7,0,3
RED ROCK ELEMENTARY SCHOOL,33656 W AGUIRRE LN,RED ROCK,PINAL,85245,NO,PUBLIC,48,46,0,46,0,0,0
REDBIRD ELEMENTARY SCHOOL,1020 S EXTENSION,MESA,MARICOPA,85210,YES,PUBLIC,92,92,0,92,0,2,0
REID TRADITIONAL SCHOOL PAINTED ROCK ACADEMY,14841 N BLACK CANYON HWY,PHOENIX,MARICOPA,85023,YES,CHARTER,51,48,3,51,11,0,2
RICE SCHOOL,SAN CARLOS AVE,SAN CARLOS,GILA,85550,YES,PUBLIC,105,105,0,105,0,0,0
RICHARD B WILSON JR SCHOOL,2330 W GLOVER RD,TUCSON,PIMA,85742,YES,PUBLIC,198,194,4,198,5,4,1
RIDGELINE ACADEMY,33625 N NORTH VALLEY PKWY,PHOENIX,MARICOPA,85085,NO,CHARTER,46,43,3,46,3,0,3
RIM COUNTRY MIDDLE SCHOOL,304 S MEADOW LN,PAYSON,GILA,   NA,YES,PUBLIC,168,167,1,168,12,0,1
RINCON VISTA MIDDLE SCHOOL,10770 E BILBY RD,TUCSON,PIMA,85747,NO,PUBLIC,216,215,1,216,3,0,1
RIO COLORADO ELEMENTARY SCHOOL,1055 N MAIN ST,SAN LUIS,YUMA,85349,NO,PUBLIC,117,117,0,117,0,0,0
RIO VISTA ELEMENTARY,10237 W ENCANTO BLVD,AVONDALE,MARICOPA,85392,YES,PUBLIC,119,115,4,119,5,0,4
RIVERA ELEMENTARY,5102 S CHERRY AVE,TUCSON,PIMA,85706,YES,PUBLIC,76,74,2,76,2,0,2
RIVERVIEW SCHOOL,12701 N MAIN ST,EL MIRAGE,MARICOPA,85335,YES,PUBLIC,92,89,3,92,4,0,2
ROADRUNNER ELEMENTARY SCHOOL,7702 N 39TH AVE,PHOENIX,MARICOPA,85051,NO,PUBLIC,114,114,0,114,2,0,0
ROADRUNNER ELEMENTARY SCHOOL,16651 W CALLE CARMELA,MARANA,PIMA,85653,YES,PUBLIC,47,47,0,47,5,0,0
ROBERT AND DANELL TARWATER ELEMENTARY,2300 SOUTH GARDNER DRIVE,CHANDLER,MARICOPA,85248,NO,PUBLIC,132,128,4,132,13,0,1
ROBERT AND DANELL TARWATER ELEMENTARY,2300 SOUTH GARDNER DRIVE,CHANDLER,MARICOPA,85248,NO,PUBLIC,114,107,7,114,15,0,14
ROBERT RICHARDSON ELEMENTARY SCHOOL,6901 N CAMINO DE LA TIERRA,TUCSON,PIMA,85741,NO,PUBLIC,62,60,2,62,2,1,2
ROBINS ELEMENTARY SCHOOL,3939 N MAGNETITE LN,TUCSON,PIMA,85745,YES,PUBLIC,40,40,0,40,0,0,0
ROBSON ELEMENTARY SCHOOL,2122 E PUEBLO AVE,MESA,MARICOPA,85204,YES,PUBLIC,91,89,2,91,3,0,3
ROGERS RANCH SCHOOL,6735 S 47TH AVE,LAVEEN,MARICOPA,85339,NO,PUBLIC,114,113,1,114,3,0,1
RON WATSON MIDDLE SCHOOL,9851 E 28TH ST,YUMA,YUMA,85365,YES,PUBLIC,140,137,2,139,2,0,2
RONALD REAGAN FUNDAMENTAL SCHOOL,3200 W 16TH ST,YUMA,YUMA,85364,YES,PUBLIC,97,97,0,97,0,0,0
ROOSEVELT ELEMENTARY SCHOOL,828 S VALENCIA,MESA,MARICOPA,85202,YES,PUBLIC,73,73,0,73,2,2,0
ROSKRUGE BILINGUAL ELEMENTARY SCHOOL,501 E 6TH ST,TUCSON,PIMA,   NA,YES,PUBLIC,123,123,0,123,1,1,0
ROUND VALLEY INTERMEDIATE SCHOOL,165 S BROWN ST,EAGAR,APACHE,85925,NO,PUBLIC,116,113,2,115,6,0,2
ROYAL PALM MIDDLE SCHOOL,8520 N 19TH AVE,PHOENIX,MARICOPA,85021,NO,PUBLIC,223,222,1,223,2,0,1
RUDY G BOLOGNA ELEMENTARY,1625 E FRY RD,CHANDLER,MARICOPA,85225,NO,PUBLIC,79,76,3,79,6,0,0
RUTH FISHER ELEMENTARY SCHOOL,38201 W INDIAN SCHOOL RD,TONOPAH,MARICOPA,85354,NO,PUBLIC,84,80,3,84,5,0,1
RUTH POWELL ELEMENTARY SCHOOL,1041 S 14TH AVE,SAFFORD,GRAHAM,85546,YES,PUBLIC,77,77,0,77,2,0,1
S. S. SIMON & JUDE SCHOOL,6351 NORTH 27TH AVENUE,PHOENIX,MARICOPA,85017,YES,PRIVATE,45,44,1,45,1,1,1
SAFFORD ELEMENTARY SCHOOL,200 E 13TH ST,TUCSON,PIMA,   NA,YES,PUBLIC,138,138,0,138,3,0,0
SAHUARITA MIDDLE SCHOOL,350 W SAHUARITA RD,SAHUARITA,PIMA,85629,NO,PUBLIC,291,288,2,291,2,0,2
SAHUARO SCHOOL,12835 N 33RD AVE,PHOENIX,MARICOPA,85029,NO,PUBLIC,74,73,0,73,1,0,0
SAINT AGNES CATHOLIC SCHOOL,2311 E PALM LN,PHOENIX,MARICOPA,85006,NO,PRIVATE,27,18,0,18,0,0,0
SAINT AMBROSE SCHOOL,300 S TUCSON BLVD,TUCSON,PIMA,85716,YES,PRIVATE,25,24,0,24,0,0,0
SAINT CATHERINE OF SIENA SCHOOL,6413 S CENTRAL AVE,PHOENIX,MARICOPA,85042,NO,PRIVATE,26,26,0,26,0,0,0
SAINT CYRIL OF ALEXANDRIA SCHOOL,4725 E PIMA ST,TUCSON,PIMA,85712,NO,PRIVATE,49,47,2,49,4,0,1
SAINT ELIZABETH ANN SETON SCHOOL,8650 N SHANNON RD,TUCSON,PIMA,85742,YES,PRIVATE,41,41,0,41,2,1,0
SAINT FRANCIS OF ASSISI SCHOOL,700 W 18TH ST,YUMA,YUMA,85364,NO,PRIVATE,30,29,1,30,1,0,1
SAINT FRANCIS XAVIER SCHOOL,4715 N CENTRAL AVE,PHOENIX,MARICOPA,85012,YES,PRIVATE,77,74,3,77,3,0,1
SAINT JOHN THE EVANGELIST SCHOOL,600 W AJO WAY,TUCSON,PIMA,85713,YES,PRIVATE,34,33,0,33,0,0,0
SAINT JOHN VIANNEY CATHOLIC SCHOOL,539 LA PASADA BLVD,GOODYEAR,MARICOPA,   NA,NO,PRIVATE,29,29,0,29,1,0,1
SAINT JOHN XXIII CATHOLIC SCHOOL,16235 N 60TH ST,SCOTTSDALE,MARICOPA,85254,YES,PRIVATE,72,71,1,72,4,0,1
SAINT JOHNS MIDDLE SCHOOL,555 W 7TH SOUTH,SAINT JOHNS,APACHE,   NA,NO,PUBLIC,63,59,4,63,6,1,5
SAINT MARY-BASHA CATHOLIC SCHOOL,200 W GALVESTON ST,CHANDLER,MARICOPA,85225,YES,PRIVATE,44,43,1,44,2,0,0
SAINT MICHAEL INDIAN SCHOOL,NA,SAINT MICHAELS,APACHE,   NA,YES,PRIVATE,29,28,0,28,0,0,0
SAINT MICHAEL'S PARISH DAY SCHOOL,602 N WILMOT RD,TUCSON,PIMA,85711,YES,PRIVATE,32,31,1,32,2,0,1
SAINT PETER INDIAN MISSION SCHOOL,1500 N ST PETER RD,BAPCHULE,PINAL,   NA,YES,PRIVATE,23,23,0,23,0,0,0
SAINT THOMAS THE APOSTLE CATHOLIC SCHOOL,4510 N 24TH ST,PHOENIX,MARICOPA,85016,YES,PRIVATE,60,59,1,60,2,0,1
SAINT TIMOTHY CATHOLIC SCHOOL,2520 S ALMA SCHOOL RD,MESA,MARICOPA,85210,YES,PRIVATE,24,23,1,24,2,0,1
SAINT VINCENT DE PAUL CATHOLIC SCHOOL,3130 N 51ST AVE,PHOENIX,MARICOPA,85031,NO,PRIVATE,56,55,0,55,0,0,0
SAINTS PETER & PAUL CATHOLIC SCHOOL,1436 N CAMPBELL AVE,TUCSON,PIMA,85719,YES,PRIVATE,51,51,0,51,0,0,0
SALK ELEMENTARY SCHOOL,7029 E BROWN RD,MESA,MARICOPA,85207,YES,PUBLIC,91,90,1,91,4,0,1
SALT RIVER ELEMENTARY SCHOOL,11582 E HIGHLAND RD,SCOTTSDALE,MARICOPA,85256,YES,PRIVATE,58,58,0,58,0,0,0
SAN MARCOS ELEMENTARY SCHOOL,451 W FRYE RD,CHANDLER,MARICOPA,85225,NO,PUBLIC,73,72,1,73,11,0,1
SAN TAN CHARTER SCHOOL,3959 E ELLIOT RD,GILBERT,MARICOPA,85234,NO,CHARTER,94,74,14,88,6,0,9
SAN TAN HEIGHTS ELEMENTARY,2500 W SAN TAN HEIGHTS BLVD,QUEEN CREEK,PINAL,85142,YES,PUBLIC,68,68,0,68,1,0,0
SANBORN ELEMENTARY SCHOOL,700 N SUPERSTITION BLVD,CHANDLER,MARICOPA,85225,NO,PUBLIC,91,89,2,91,3,0,2
SANDERS MIDDLE SCHOOL,"I-40, HWY 191",SANDERS,APACHE,   NA,NO,PUBLIC,58,58,0,58,0,0,0
SANDPIPER ELEMENTARY SCHOOL,6724 E HEARN RD,SCOTTSDALE,MARICOPA,85254,YES,PUBLIC,52,51,1,52,4,0,0
SANDRA DAY O'CONNOR ELEMENTARY SCHOOL,4840 E. ADOBE ST,MESA,MARICOPA,85205,YES,PUBLIC,78,76,2,78,5,0,2
SANTA CLARA ELEMENTARY SCHOOL,6910 S SANTA CLARA AVE,TUCSON,PIMA,85756,YES,PUBLIC,79,79,0,79,0,0,0
SANTA CRUZ CATHOLIC SCHOOL,29 W 22ND ST,TUCSON,PIMA,85713,YES,PRIVATE,31,31,0,31,0,0,0
SANTA FE ELEMENTARY SCHOOL,9880 N 77TH AVE,PEORIA,MARICOPA,85345,YES,PUBLIC,102,99,3,102,6,0,3
SANTA MARIA MIDDLE SCHOOL,7250 W LOWER BUCKEYE RD,PHOENIX,MARICOPA,85043,NO,PUBLIC,250,250,0,250,0,0,0
SANTAN ELEMENTARY SCHOOL,1550 E CHANDLER HEIGHTS RD,CHANDLER,MARICOPA,85249,NO,PUBLIC,177,172,5,177,10,1,4
SATORI CHARTER SCHOOL,3727 N 1ST AVE,TUCSON,PIMA,85719,NO,CHARTER,29,24,5,29,5,0,5
SCOTTSDALE CHRISTIAN ACADEMY  / EARLY CHILDHOOD,14400 NORTH TATUM BLVD,PHOENIX,MARICOPA,85032,YES,PRIVATE,62,55,7,62,12,0,3
SECRIST MIDDLE SCHOOL,3400 S HOUGHTON RD,TUCSON,PIMA,85730,YES,PUBLIC,148,147,1,148,4,1,1
SELF DEVELOPMENT ACADEMY PHOENIX,1515 E INDIAN SCHOOL RD,PHOENIX,MARICOPA,   NA,NO,CHARTER,36,36,0,36,1,0,1
SELF DEVELOPMENT CHARTER SCHOOL,1709 N GREENFIELD RD,MESA,MARICOPA,85205,NO,CHARTER,37,35,2,37,3,0,2
SEQUOIA CHARTER ELEMENTARY SCHOOL,1460 S HORNE,MESA,MARICOPA,85204,NO,CHARTER,76,73,0,73,0,1,0
SEQUOIA CHOICE SCHOOL ARIZONA DISTANCE LEARNING SCHOOL,HOME BASED,MESA,MARICOPA,85203,NO,CHARTER,26,20,6,26,10,0,5
SEQUOIA PATHWAY ACADEMY,19265 N. PORTER RD,MARICOPA,PINAL,85138,NO,CHARTER,104,100,4,104,10,0,10
SEQUOIA VILLAGE,982 FULL HOUSE LN,SHOW LOW,NAVAJO,85901,NO,CHARTER,28,27,1,28,3,0,1
SETTLERS POINT ELEMENTARY,423 E SETTLERS POINT,GILBERT,MARICOPA,85296,YES,PUBLIC,105,102,3,105,4,0,1
SEVILLA WEST SCHOOL,3851 W MISSOURI AVE,PHOENIX,MARICOPA,85019,NO,PUBLIC,226,225,0,225,3,0,0
SHAW BUTTE SCHOOL,12202 N 21ST AVE,PHOENIX,MARICOPA,85029,NO,PUBLIC,89,88,1,89,1,0,1
SHEELY FARMS ELEMENTARY SCHOOL,9450 W ENCANTO BLVD,PHOENIX,MARICOPA,85037,YES,PUBLIC,100,100,0,100,1,0,0
SHEPHERD OF THE DESERT LUTHERAN SCHOOL,9590 E SHEA BLVD,SCOTTSDALE,MARICOPA,85260,NO,PRIVATE,23,11,4,15,5,0,4
SHOW LOW JUNIOR HIGH SCHOOL,761 E MCNEIL,SHOW LOW,NAVAJO,85901,NO,PUBLIC,193,172,19,191,32,6,18
SHUMWAY ELEMENTARY SCHOOL,1325 N SHUMWAY AVE,CHANDLER,MARICOPA,85225,NO,PUBLIC,62,60,2,62,3,0,2
SIERRA MIDDLE SCHOOL,5801 S DEL MORAL BLVD,TUCSON,PIMA,85706,YES,PUBLIC,126,126,0,126,1,0,0
SIERRA VERDE ELEMENTARY,7241 W ROSE GARDEN LN,GLENDALE,MARICOPA,85308,YES,PUBLIC,125,120,4,125,4,1,3
SILVESTRE S HERRERA SCHOOL,1350 S 11TH ST,PHOENIX,MARICOPA,85034,YES,PUBLIC,70,70,0,70,0,0,0
SIRRINE ELEMENTARY SCHOOL,591 W MESQUITE ST,CHANDLER,MARICOPA,85225,YES,PUBLIC,61,58,3,61,5,0,0
SKY VIEW ELEMENTARY SCHOOL,8624 W SWEETWATER,PEORIA,MARICOPA,85381,YES,PUBLIC,62,59,3,62,8,0,6
SKYLINE DISTRICT 5,CASA BLANCA & PRESCHOOL RD,BAPCHULE,PINAL,85121,YES,CHARTER,25,25,0,25,0,0,0
SKYLINE RANCH ELEMENTARY,1084 W SAN TAN HILLS DR,QUEEN CREEK,PINAL,   NA,NO,PUBLIC,90,83,2,90,2,1,2
SNOWFLAKE INTERMEDIATE SCHOOL,62 WEST 2ND SOUTH,SNOWFLAKE,NAVAJO,85937,NO,PUBLIC,129,122,7,129,15,0,4
SOLANO SCHOOL,1526 W MISSOURI AVE,PHOENIX,MARICOPA,85015,NO,PUBLIC,92,89,1,90,1,0,1
SOMERTON MIDDLE SCHOOL,1101 N SOMERTON AVE,SOMERTON,YUMA,85350,YES,PUBLIC,338,336,2,338,2,0,0
SONOMA RANCH ELEMENTARY SCHOOL,601 N BISCAYNE DR,GILBERT,MARICOPA,85233,YES,PUBLIC,61,58,3,61,4,0,2
SONORAN FOOTHILLS SCHOOL,32150 N NORTH FOOTHILLS DR,PHOENIX,MARICOPA,85085,YES,PUBLIC,105,97,8,105,12,0,12
SONORAN HEIGHTS ELEMENTARY,11405 N GREER RANCH PKWY,SURPRISE,MARICOPA,85379,YES,PUBLIC,102,99,3,102,11,0,3
SONORAN SCIENCE ACADEMY - PEORIA,17667 N 91ST AVE,PEORIA,MARICOPA,85382,NO,CHARTER,27,26,0,26,7,0,0
SONORAN SCIENCE ACADEMY - PHOENIX,4837 E MCDOWELL RD,PHOENIX,MARICOPA,85008,NO,CHARTER,31,31,0,31,6,0,0
SONORAN SCIENCE ACADEMY - TUCSON,2325 E. SUNSET RD,TUCSON,PIMA,85741,NO,CHARTER,75,73,2,75,8,1,2
SONORAN SCIENCE ACADEMY-DAVIS MONTHAN,5741 E. IRONWOOD ST,TUCSON,PIMA,85708,NO,CHARTER,22,22,0,22,0,0,0
SONORAN SCIENCE ADADEMY - BROADWAY,6880 E BROADWAY BLVD,TUCSON,PIMA,85710,NO,CHARTER,26,26,0,26,0,0,0
SONORAN SKY ELEMENTARY SCHOOL,12990 N 75TH ST,SCOTTSDALE,MARICOPA,85260,YES,PUBLIC,73,73,0,73,3,0,1
SONORAN SKY ELEMENTARY SCHOOL,10150 W MISSOURI AVE,GLENDALE,MARICOPA,85307,YES,PUBLIC,66,63,2,65,2,0,2
SOUSA ELEMENTARY SCHOOL,616 N MOUNTAIN RD,MESA,MARICOPA,85207,YES,PUBLIC,78,75,3,78,5,0,5
SOUTH POINTE PUBLIC JUNIOR HIGH SCHOOL,217 E OLYMPIC DR,PHOENIX,MARICOPA,85020,NO,CHARTER,49,47,1,48,2,2,1
SOUTH VALLEY PREP AND ARTS SCHOOL,7450 S 40TH ST,PHOENIX,MARICOPA,85042,NO,CHARTER,59,57,2,59,2,0,2
SOUTHGATE ACADEMY,850 W VALENCIA RD,TUCSON,PIMA,85706,NO,CHARTER,61,61,0,61,4,0,0
SOUTHSIDE COMMUNITY SCHOOL,2701 S CAMPBELL AVE,TUCSON,PIMA,85713,NO,CHARTER,27,27,0,27,1,0,0
SOUTHWEST ELEMENTARY SCHOOL,1111 W DOBBINS RD,PHOENIX,MARICOPA,85041,YES,PUBLIC,65,65,0,65,0,0,0
SOUTHWESTERN CHRISTIAN SCHOOL,3261 S AVENUE 6 E,YUMA,YUMA,85365,NO,PRIVATE,22,16,0,16,0,0,0
SPECTRUM ELEMENTARY,2846 S SPECTRUM WAY,GILBERT,MARICOPA,85295,YES,PUBLIC,97,93,4,97,4,1,4
ST THERESA LITTLE FLOWER PRESCHOOL,5001 EAST THOMAS ROAD,PHOENIX,MARICOPA,85018,YES,PUBLIC,42,42,0,42,1,0,0
ST. GREGORY CATHOLIC SCHOOL -  PRESCHOOL AND EXTENDED CARE,3440 NORTH 18TH AVENUE,PHOENIX,MARICOPA,85015,NO,PRIVATE,37,37,0,37,0,0,0
ST. JEROME PRESCHOOL,10815 NORTH 35TH AVENUE,PHOENIX,MARICOPA,85029,NO,PRIVATE,25,25,0,25,1,0,0
ST. LOUIS THE KING PRE - KINDERGARTEN AND EXTENDED DAY,4331 WEST MARYLAND AVENUE,GLENDALE,MARICOPA,85301,NO,PRIVATE,26,26,0,26,0,0,0
ST. THOMAS AQUINAS PRESCHOOL,13720 WEST THOMAS ROAD,AVONDALE,MARICOPA,85392,YES,PRIVATE,49,48,1,49,2,0,1
STANFIELD ELEMENTARY SCHOOL,515 S STANFIELD RD,STANFIELD,PINAL,85172,NO,PUBLIC,55,55,0,55,0,0,0
STARLINE ELEMENTARY SCHOOL,3150 STARLINE DR,LAKE HAVASU CITY,MOHAVE,86406,NO,PUBLIC,93,88,5,93,11,0,4
STEPPING STONES ACADEMY,35812 N 7TH ST,PHOENIX,MARICOPA,85086,NO,CHARTER,28,23,5,28,5,0,5
STETSON HILLS ELEMENTARY,25475 N STETSON HILLS LOOP RD,GLENDALE,MARICOPA,85083,YES,PUBLIC,127,123,4,127,8,0,2
STEVEN R JASINSKI ELEMENTARY SCHOOL,4280 S 246TH AVE,BUCKEYE,MARICOPA,85326,NO,PUBLIC,54,51,2,54,2,0,1
STEVENSON ELEMENTARY SCHOOL,638 S 96TH ST,MESA,MARICOPA,85208,YES,PUBLIC,112,111,1,112,1,1,0
SUMMIT ACADEMY,1560 W SUMMIT PL,CHANDLER,MARICOPA,85224,YES,PUBLIC,79,76,3,79,5,0,0
SUMMIT SCHOOL OF AHWATUKEE,4515 E MUIRWOOD DR,PHOENIX,MARICOPA,85048,NO,PRIVATE,25,24,1,25,1,0,1
SUMMIT VIEW ELEMENTARY,1900 E SUMMIT ST,TUCSON,PIMA,85756,YES,PUBLIC,77,77,0,77,0,0,0
SUN VALLEY CHARTER SCHOOL,"5806 S 35TH AVE, BLDG E",PHOENIX,MARICOPA,85041,NO,CHARTER,24,24,0,24,0,0,0
SUN VALLEY ELEMENTARY SCHOOL,8361 N 95TH AVE,PEORIA,MARICOPA,85345,YES,PUBLIC,109,107,2,109,20,0,20
SUNBURST ELEMENTARY SCHOOL,14218 N 47TH AVE,GLENDALE,MARICOPA,85306,NO,PUBLIC,93,92,1,93,2,0,1
SUNDANCE ELEMENTARY SCHOOL,7051 W CHOLLA ST,PEORIA,MARICOPA,85345,YES,PUBLIC,82,81,1,82,1,0,0
SUNDANCE ELEMENTARY SCHOOL,23800 W HADLEY ST,BUCKEYE,MARICOPA,85326,NO,PUBLIC,78,77,1,78,1,1,1
SUNLAND ELEMENTARY SCHOOL,5401 S 7TH AVE,PHOENIX,MARICOPA,85041,NO,PUBLIC,57,57,0,57,0,0,0
SUNNYSLOPE ELEMENTARY SCHOOL,240 E VOGEL AVE,PHOENIX,MARICOPA,85020,NO,PUBLIC,99,98,1,99,3,0,0
SUNRISE ELEMENTARY SCHOOL,17624 N 31ST AVE,PHOENIX,MARICOPA,85053,NO,PUBLIC,67,67,0,67,5,0,0
SUNSET CANYON SCHOOL,2727 E SIESTA LN,PHOENIX,MARICOPA,85050,NO,PUBLIC,72,71,1,72,1,0,1
SUNSET HEIGHTS ELEMENTARY SCHOOL,9687 W ADAM AVE,PEORIA,MARICOPA,85382,YES,PUBLIC,121,120,1,121,5,5,0
SUNSET HILLS ELEMENTARY,17825 WEST SIERRA MONTANA LOOP,SURPRISE,MARICOPA,85388,NO,PUBLIC,152,146,6,152,6,0,3
SUNSET RIDGE ELEMENTARY,8490 W MISSOURI AVE,GLENDALE,MARICOPA,85305,NO,PUBLIC,87,87,0,87,3,0,3
SUNSET RIDGE ELEMENTARY,35707 N 33RD LN,PHOENIX,MARICOPA,85086,NO,PUBLIC,85,72,11,83,11,0,11
SUNSET SCHOOL,4626 W MOUNTAIN VIEW RD,GLENDALE,MARICOPA,85302,YES,PUBLIC,90,90,0,90,2,2,0
SUNSET VISTA ELEMENTARY,7775 W ORANGEWOOD AVE,GLENDALE,MARICOPA,85303,YES,PUBLIC,90,89,1,90,1,1,0
SUPERSTITION SPRINGS ELEMENTARY,7125 E MONTEREY AVE,MESA,MARICOPA,85209,YES,PUBLIC,111,104,7,111,15,0,5
SURPRISE ELEMENTARY SCHOOL,12907 W GREENWAY RD,EL MIRAGE,MARICOPA,85335,YES,PUBLIC,104,102,2,104,3,0,2
SWEETWATER SCHOOL,4602 W SWEETWATER AVE,GLENDALE,MARICOPA,85304,YES,PUBLIC,61,61,0,61,3,0,0
SYSTEM PHOENIX,1301 E ALMERIA RD,PHOENIX,MARICOPA,85006,NO,CHARTER,26,25,1,26,7,0,1
T DALE HANCOCK ELEMENTARY,2425 S PLEASANT DR,CHANDLER,MARICOPA,85286,NO,PUBLIC,111,105,6,111,13,0,2
T G BARR SCHOOL,2041 E VINEYARD RD,PHOENIX,MARICOPA,85042,NO,PUBLIC,63,61,2,63,2,0,2
T.E.S.D.#17 - PORFIRIO H GONZALES,9401 WEST GARFIELD STREET,TOLLESON,MARICOPA,85353,YES,PUBLIC,97,81,4,85,4,0,4
T.U.S.D.#1 - C. E. ROSE PRESCHOOL PROGRAM,710 WEST MICHIGAN DRIVE,TUCSON,PIMA,85714,YES,PUBLIC,86,86,0,86,0,0,0
TAFT ELEMENTARY SCHOOL,9800 E QUARTERLINE RD,MESA,MARICOPA,85207,YES,PUBLIC,80,79,1,80,2,3,0
TANQUE VERDE ELEMENTARY SCHOOL,2600 N FENNIMORE AVE,TUCSON,PIMA,85749,YES,PUBLIC,115,111,4,115,6,0,4
TARTESSO ELEMENTARY SCHOOL,29677 W INDIANOLA RD,BUCKEYE,MARICOPA,85322,NO,PUBLIC,66,64,2,66,3,0,2
TAYLOR INTERMEDIATE SCHOOL,207 N 500 WEST,TAYLOR,NAVAJO,85939,NO,PUBLIC,57,53,3,57,7,0,3
TELESIS PREPARATORY,2598 STARLITE LN,LAKE HAVASU CITY,MOHAVE,86403,NO,CHARTER,60,57,0,57,1,1,1
TEMPE ACADEMY OF INTERNATIONAL STUDIES MCKEMY CAMPUS,2250 S COLLEGE AVE,TEMPE,MARICOPA,85282,NO,PUBLIC,116,113,3,116,5,2,5
TEMPE PREPARATORY ACADEMY,1251 E SOUTHERN AVE,TEMPE,MARICOPA,85282,NO,CHARTER,68,60,2,64,2,2,2
TERRAMAR ELEMENTARY,7000 W HAPPY VALLEY RD,PEORIA,MARICOPA,85383,YES,PUBLIC,119,117,2,119,5,1,3
THATCHER ELEMENTARY SCHOOL,1350 N 4TH AVE,THATCHER,GRAHAM,85552,YES,PUBLIC,149,138,11,149,15,1,14
THE BEREAN ACADEMY,4699 E HIGHWAY 90,SIERRA VISTA,COCHISE,85635,NO,CHARTER,30,28,0,28,0,0,0
THE GREGORY SCHOOL,3231 N CRAYCROFT RD,TUCSON,PIMA,85712,NO,PRIVATE,37,34,1,37,2,0,1
THE PAIDEIA ACADEMY OF SOUTH PHOENIX,7777 S 15TH TER,PHOENIX,MARICOPA,85042,YES,CHARTER,57,57,0,57,2,0,2
THOMAS A EDISON SCHOOL,804 N 18TH ST,PHOENIX,MARICOPA,85006,YES,PUBLIC,64,63,1,64,0,1,1
THOMPSON RANCH ELEMENTARY,11800 W THOMPSON RANCH RD,EL MIRAGE,MARICOPA,85335,YES,PUBLIC,94,94,0,94,1,0,0
THORNYDALE ELEMENTARY SCHOOL,7751 N OLDFATHER RD,TUCSON,PIMA,85741,NO,PUBLIC,51,51,0,51,2,0,2
TONALEA ELEMENTARY SCHOOL,6720 E CONTINENTAL DR,SCOTTSDALE,MARICOPA,85257,YES,PRIVATE,154,152,2,154,2,0,1
TOWN & COUNTRY ELEMENTARY SCHOOL,1313 S LENZNER AVE,SIERRA VISTA,COCHISE,85635,YES,PUBLIC,58,58,0,58,2,0,2
TRAILSIDE POINT ELEMENTARY,7272 W VINEYARD RD,LAVEEN,MARICOPA,85339,NO,PUBLIC,98,94,3,98,3,0,2
TRES RIOS ELEMENTARY SCHOOL,5025 S 103RD AVE,TOLLESON,MARICOPA,85353,YES,PUBLIC,95,94,1,95,2,0,1
TRINITY CHRISTIAN SCHOOL,1071 MOGOLLON RD,PRESCOTT,YAVAPAI,86301,NO,PRIVATE,21,14,7,21,9,0,6
TRIVIUM PREPARATORY ACADEMY,925 N SARIVAL AVE,GOODYEAR,MARICOPA,   NA,YES,CHARTER,152,148,4,152,10,2,2
TSAILE ELEMENTARY SCHOOL,RTE 12,TSAILE,APACHE,86556,NO,PUBLIC,32,32,0,32,0,0,0
TSEHOOTSOOI INTERMEDIATE LEARNING CENTER,NAVAJO ROUTE 7,FORT DEFIANCE,APACHE,86504,NO,PUBLIC,156,156,0,156,0,0,0
TUBA CITY JUNIOR HIGH SCHOOL,EAST FIR STREET,TUBA CITY,COCONINO,86045,YES,PUBLIC,96,96,0,96,0,0,0
TUCSON COUNTRY DAY SCHOOL,9239 E WRIGHTSTOWN RD,TUCSON,PIMA,85715,NO,CHARTER,80,80,0,80,1,0,0
TUCSON INTERNATIONAL ACADEMY MIDVALE,1625 W VALENCIA RD #109,TUCSON,PIMA,85746,NO,CHARTER,23,23,0,23,0,0,0
TUMBLEWEED ELEMENTARY SCHOOL,4001 W LAUREL LN,PHOENIX,MARICOPA,85029,NO,PUBLIC,65,65,0,65,2,0,0
TWIN PEAKS ELEMENTARY SCHOOL,7995 W TWIN PEAKS RD,TUCSON,PIMA,85743,YES,PUBLIC,77,76,0,76,5,2,3
UTTERBACK MIDDLE SCHOOL,3233 S PINAL VISTA,TUCSON,PIMA,85713,YES,PUBLIC,123,123,0,123,0,0,0
V H LASSEN ELEMENTARY SCHOOL,909 W VINEYARD RD,PHOENIX,MARICOPA,85041,NO,PUBLIC,49,46,1,49,0,0,0
VAIL ACADEMY & HIGH SCHOOL,7762 E SCIENCE PARK DR,TUCSON,PIMA,85747,NO,CHARTER,51,51,0,51,3,0,0
VAIL INNOVATION CENTER,10775 E MARY ANN CLEVELAND WAY,TUCSON,PIMA,85747,NO,PUBLIC,29,28,1,29,2,0,1
VAL VISTA ACADEMY - A BALL CHARTER SCHOOL,4120 S VAL VISTA DR,GILBERT,MARICOPA,85297,NO,CHARTER,23,23,0,23,5,0,5
VAL VISTA LAKES ELEMENTARY SCHOOL,1030 N BLUE GROTTO DR,GILBERT,MARICOPA,85234,YES,PUBLIC,82,82,0,82,2,0,0
VALENCIA MIDDLE SCHOOL,4400 W IRVINGTON RD,TUCSON,PIMA,85746,YES,PUBLIC,323,322,1,323,2,1,0
VALLEY ACADEMY,1520 WEST ROSE GARDEN LANE,PHOENIX,MARICOPA,85027,YES,PUBLIC,76,73,3,76,7,0,2
VALLEY HORIZON ELEMENTARY SCHOOL,4501 W 20TH ST,YUMA,YUMA,85364,NO,PUBLIC,92,91,1,92,1,0,1
VALLEY VIEW SCHOOL,8220 S 7TH AVE,PHOENIX,MARICOPA,85041,YES,PUBLIC,79,78,0,78,1,0,1
VERITAS PREPARATORY ACADEMY,3102 N 56TH ST,PHOENIX,MARICOPA,85018,NO,CHARTER,123,119,4,123,4,4,4
VERRADO HERITAGE ELEMENTARY SCHOOL,20895 W HAMILTON ST,BUCKEYE,MARICOPA,85396,NO,PUBLIC,122,111,8,122,8,0,5
VERRADO MIDDLE SCHOOL,20880 W MAIN ST,BUCKEYE,MARICOPA,85396,YES,PUBLIC,289,272,11,283,11,0,8
VILLA DE PAZ ELEMENTARY SCHOOL,4940 N 103RD AVE,PHOENIX,MARICOPA,85037,NO,PUBLIC,81,81,0,81,2,0,2
VILLA MONTESSORI - MAIN CAMPUS WA,4535 N 28TH ST,PHOENIX,MARICOPA,   NA,NO,CHARTER,55,49,3,52,3,0,3
VILLAGE MEADOWS ELEMENTARY SCHOOL,905 EL CAMINO REAL,SIERRA VISTA,COCHISE,85635,YES,PUBLIC,63,62,1,63,2,0,1
VILLAGE MEADOWS ELEMENTARY SCHOOL,2020 W MORNINGSIDE DR,PHOENIX,MARICOPA,85023,YES,PUBLIC,65,63,2,65,4,0,2
VILLAGO MIDDLE SCHOOL,574 E LAKESIDE PKWY,CASA GRANDE,PINAL,85222,YES,PUBLIC,305,302,2,304,1,0,1
VISTA DEL SUR TRADITIONAL SCHOOL,3908 W SOUTH MOUNTAIN AVE,LAVEEN,MARICOPA,85339,NO,PUBLIC,92,91,1,92,4,0,0
VISTA GROVE PREPARATORY ACADEMY - ELEMENTARY,2929 E MCKELLIPS RD,MESA,MARICOPA,   NA,NO,CHARTER,40,35,2,39,2,1,2
VISTANCIA ELEMENTARY SCHOOL,30009 N SUNSET POINT,PEORIA,MARICOPA,85383,YES,PUBLIC,122,121,1,122,16,0,0
VULTURE PEAK MIDDLE SCHOOL,920 S VULTURE MINE RD,WICKENBURG,MARICOPA,85390,NO,PUBLIC,73,72,0,72,0,3,0
WADE CARPENTER MIDDLE SCHOOL,595 W KINO ST,NOGALES,SANTA CRUZ,85621,YES,PUBLIC,201,200,1,201,1,0,0
WALKER BUTTE K-8,29897 N DESERT WILLOW BLVD,QUEEN CREEK,PINAL,85143,NO,PUBLIC,55,55,0,55,5,0,0
WALLACE JR HIGH SCHOOL,1320 18TH ST,PARKER,LA PAZ,85344,NO,PUBLIC,136,133,3,136,0,0,3
WALTER DOUGLAS ELEMENTARY SCHOOL,3302 N FLOWING WELLS RD,TUCSON,PIMA,85705,NO,PUBLIC,87,86,1,87,1,0,1
WARD TRADITIONAL ACADEMY,1965 E HERMOSA DR,TEMPE,MARICOPA,85282,YES,PUBLIC,46,43,3,46,8,0,2
WASHINGTON ELEMENTARY SCHOOL,2260 W ISABELLA AVE,MESA,MARICOPA,85202,YES,PUBLIC,76,74,2,76,6,0,5
WASHINGTON ELEMENTARY SCHOOL,8033 N 27TH AVE,PHOENIX,MARICOPA,85051,YES,PUBLIC,109,109,0,109,1,0,0
WASHINGTON SCHOOL,300 W OAK ST,WINSLOW,NAVAJO,86047,NO,PUBLIC,156,156,0,156,4,0,0
WEBSTER ELEMENTARY SCHOOL,202 N SYCAMORE,MESA,MARICOPA,85201,YES,PUBLIC,96,94,2,96,3,1,2
WEINBERG ELEMENTARY SCHOOL,21221 S VAL VISTA RD,CHANDLER,MARICOPA,85298,NO,PUBLIC,124,117,7,124,9,0,3
WELLTON ELEMENTARY SCHOOL,29126 SAN JOSE AVE,WELLTON,YUMA,85356,NO,PUBLIC,25,14,0,19,0,0,0
WEST ELEMENTARY SCHOOL,460 S 7TH ST,COOLIDGE,PINAL,85228,YES,PUBLIC,117,117,0,117,1,0,0
WEST POINT ELEMENTARY,13700 W GREENWAY RD,SURPRISE,MARICOPA,85374,YES,PUBLIC,80,79,1,80,4,0,1
WEST VALLEY CHRISTIAN SCHOOL,16260 W VAN BUREN ST,GOODYEAR,MARICOPA,85338,NO,PRIVATE,23,20,3,23,0,0,3
WEST WING SCHOOL,26716 NORTH HIGH DESERT DRIVE,PEORIA,MARICOPA,85383,YES,PUBLIC,135,131,4,135,11,1,5
WESTAR ELEMENTARY SCHOOL,17777 W WESTAR DR,GOODYEAR,MARICOPA,85338,NO,PUBLIC,62,54,8,62,14,0,0
WESTERN PEAKS ELEMENTARY,18063 W SURPRISE FARMS LOOP SOUTH,SURPRISE,MARICOPA,85388,YES,PUBLIC,117,110,7,117,15,0,7
WESTERN SKY MIDDLE SCHOOL,4095 N 144TH AVE,GOODYEAR,MARICOPA,85395,YES,PUBLIC,348,335,9,344,11,0,7
WESTLAND SCHOOL BRIGHTON CAMPUS,8632 W NORTHERN AVE,GLENDALE,MARICOPA,85305,NO,CHARTER,25,23,0,23,1,0,1
WESTPARK ELEMENTARY SCHOOL,2700 S 257TH DR,BUCKEYE,MARICOPA,85326,YES,PUBLIC,80,80,0,80,2,0,0
WESTWIND PRIMARY,9040 W CAMPBELL AVE,PHOENIX,MARICOPA,85037,NO,PUBLIC,127,126,1,127,1,0,1
WHISPERING WIND ACADEMY,15844 N 43RD ST,PHOENIX,MARICOPA,85032,YES,PUBLIC,89,85,4,89,12,0,2
WHITMAN ELEMENTARY SCHOOL,1829 N GRAND,MESA,MARICOPA,85201,YES,PUBLIC,84,83,0,83,1,1,1
WHITTIER ELEMENTARY SCHOOL,733 N LONGMORE,MESA,MARICOPA,85201,YES,PUBLIC,69,68,1,69,2,1,1
WHITTIER ELEMENTARY SCHOOL,2000 N 16TH ST,PHOENIX,MARICOPA,85006,YES,PUBLIC,43,43,0,43,0,0,0
WIGWAM CREEK MIDDLE SCHOOL,4510 N 127TH AVE,LITCHFIELD PARK,MARICOPA,85340,YES,PUBLIC,351,340,11,351,21,0,8
WILDFIRE ELEMENTARY,3997 E LOCKWOOD DR,PHOENIX,MARICOPA,85050,YES,PUBLIC,124,117,7,124,16,0,16
WILDFLOWER SCHOOL,325 S WILDFLOWER DR,GOODYEAR,MARICOPA,85338,YES,PUBLIC,41,40,1,41,3,0,1
WILLCOX ELEMENTARY SCHOOL,501 W DELOS ST,WILLCOX,COCHISE,85643,YES,PUBLIC,74,73,1,74,1,0,1
WILLIAM R SULLIVAN ELEMENTARY SCHOOL,2 N 31ST AVE,PHOENIX,MARICOPA,85009,NO,PUBLIC,72,72,0,72,0,0,0
WILLIAM T MACHAN ELEMENTARY SCHOOL,2140 E VIRGINIA AVE,PHOENIX,MARICOPA,85006,YES,PUBLIC,54,54,0,54,0,0,0
WILLIAMS ELEMENTARY/MIDDLE SCHOOL,601 N 7TH ST,WILLIAMS,COCONINO,86046,NO,PUBLIC,54,54,0,54,1,0,0
WILSON ELEMENTARY SCHOOL,2929 E FILLMORE ST,PHOENIX,MARICOPA,85008,NO,PUBLIC,139,138,0,138,0,0,0
WINIFRED HARELSON ELEMENTARY SCHOOL,826 W CHAPALA DR,TUCSON,PIMA,85704,NO,PUBLIC,62,59,3,62,60,4,2
YOUNG SCHOLARS ACADEMY,1501 E VALENCIA RD,BULLHEAD CITY,MOHAVE,86426,NO,CHARTER,47,46,1,47,3,0,0
YUMA LUTHERAN SCHOOL,2555 ENGLER AVE,YUMA,YUMA,85365,YES,PRIVATE,48,48,0,48,0,0,0
ZUNI HILLS ELEMENTARY SCHOOL,10851 W WILLIAMS RD,PEORIA,MARICOPA,85373,YES,PUBLIC,131,128,3,131,11,0,1
